"optimizer_step","recur1b-mig-234 - _step","recur1b-mig-234 - _step__MIN","recur1b-mig-234 - _step__MAX","recur1b-mig-234 - global_grad_norm","recur1b-mig-234 - global_grad_norm__MIN","recur1b-mig-234 - global_grad_norm__MAX"
"1430","0","0","0","0","0","0"
"1431","1","1","1","5.996260166168213","5.996260166168213","5.996260166168213"
"1432","3","3","3","46.16447448730469","46.16447448730469","46.16447448730469"
"1433","5","5","5","12.371084213256836","12.371084213256836","12.371084213256836"
"1434","7","7","7","11.677971839904785","11.677971839904785","11.677971839904785"
"1435","9","9","9","19.193340301513672","19.193340301513672","19.193340301513672"
"1436","11","11","11","7.1595916748046875","7.1595916748046875","7.1595916748046875"
"1437","13","13","13","7.358645439147949","7.358645439147949","7.358645439147949"
"1438","15","15","15","4.116575717926025","4.116575717926025","4.116575717926025"
"1439","17","17","17","4.29276704788208","4.29276704788208","4.29276704788208"
"1440","19","19","19","2.8382604122161865","2.8382604122161865","2.8382604122161865"
"1441","21","21","21","15.031970024108887","15.031970024108887","15.031970024108887"
"1442","23","23","23","8.086030006408691","8.086030006408691","8.086030006408691"
"1443","25","25","25","4.007392406463623","4.007392406463623","4.007392406463623"
"1444","27","27","27","2.925849437713623","2.925849437713623","2.925849437713623"
"1445","29","29","29","2.1350209712982178","2.1350209712982178","2.1350209712982178"
"1446","31","31","31","1.5059986114501953","1.5059986114501953","1.5059986114501953"
"1447","33","33","33","1.2504777908325195","1.2504777908325195","1.2504777908325195"
"1448","35","35","35","1.21449875831604","1.21449875831604","1.21449875831604"
"1449","37","37","37","1.5034680366516113","1.5034680366516113","1.5034680366516113"
"1450","39","39","39","1.2584991455078125","1.2584991455078125","1.2584991455078125"
"1451","41","41","41","0.8520772457122803","0.8520772457122803","0.8520772457122803"
"1452","43","43","43","0.8442301154136658","0.8442301154136658","0.8442301154136658"
"1453","45","45","45","1.1731568574905396","1.1731568574905396","1.1731568574905396"
"1454","47","47","47","0.8723873496055603","0.8723873496055603","0.8723873496055603"
"1455","49","49","49","0.7236074209213257","0.7236074209213257","0.7236074209213257"
"1456","51","51","51","0.6814011931419373","0.6814011931419373","0.6814011931419373"
"1457","53","53","53","0.7346001267433167","0.7346001267433167","0.7346001267433167"
"1458","55","55","55","0.7055448293685913","0.7055448293685913","0.7055448293685913"
"1459","57","57","57","0.5331208109855652","0.5331208109855652","0.5331208109855652"
"1460","59","59","59","0.5850091576576233","0.5850091576576233","0.5850091576576233"
"1461","61","61","61","0.6675785779953003","0.6675785779953003","0.6675785779953003"
"1462","63","63","63","0.7024871110916138","0.7024871110916138","0.7024871110916138"
"1463","65","65","65","0.6638594269752502","0.6638594269752502","0.6638594269752502"
"1464","67","67","67","0.4986479580402374","0.4986479580402374","0.4986479580402374"
"1465","69","69","69","0.4966222941875458","0.4966222941875458","0.4966222941875458"
"1466","71","71","71","0.4846021831035614","0.4846021831035614","0.4846021831035614"
"1467","73","73","73","0.44973626732826233","0.44973626732826233","0.44973626732826233"
"1468","75","75","75","0.4615924060344696","0.4615924060344696","0.4615924060344696"
"1469","77","77","77","0.4640807807445526","0.4640807807445526","0.4640807807445526"
"1470","79","79","79","0.46832337975502014","0.46832337975502014","0.46832337975502014"
"1471","81","81","81","0.41863545775413513","0.41863545775413513","0.41863545775413513"
"1472","83","83","83","0.4049786627292633","0.4049786627292633","0.4049786627292633"
"1473","85","85","85","0.416996031999588","0.416996031999588","0.416996031999588"
"1474","87","87","87","0.42424705624580383","0.42424705624580383","0.42424705624580383"
"1475","89","89","89","0.4327213168144226","0.4327213168144226","0.4327213168144226"
"1476","91","91","91","0.4306020140647888","0.4306020140647888","0.4306020140647888"
"1477","93","93","93","0.5404636859893799","0.5404636859893799","0.5404636859893799"
"1478","95","95","95","0.6163392066955566","0.6163392066955566","0.6163392066955566"
"1479","97","97","97","0.692234992980957","0.692234992980957","0.692234992980957"
"1480","99","99","99","0.6561973690986633","0.6561973690986633","0.6561973690986633"
"1481","101","101","101","0.5225329399108887","0.5225329399108887","0.5225329399108887"
"1482","103","103","103","0.45306873321533203","0.45306873321533203","0.45306873321533203"
"1483","105","105","105","0.48702606558799744","0.48702606558799744","0.48702606558799744"
"1484","107","107","107","0.6145326495170593","0.6145326495170593","0.6145326495170593"
"1485","109","109","109","0.6051879525184631","0.6051879525184631","0.6051879525184631"
"1486","111","111","111","0.5361496806144714","0.5361496806144714","0.5361496806144714"
"1487","113","113","113","0.5061600804328918","0.5061600804328918","0.5061600804328918"
"1488","115","115","115","0.5377773642539978","0.5377773642539978","0.5377773642539978"
"1489","117","117","117","0.568121075630188","0.568121075630188","0.568121075630188"
"1490","119","119","119","0.5568326711654663","0.5568326711654663","0.5568326711654663"
"1491","121","121","121","0.7788166999816895","0.7788166999816895","0.7788166999816895"
"1492","123","123","123","0.8135401010513306","0.8135401010513306","0.8135401010513306"
"1493","125","125","125","0.5474905967712402","0.5474905967712402","0.5474905967712402"
"1494","127","127","127","0.6002406477928162","0.6002406477928162","0.6002406477928162"
"1495","129","129","129","0.7194907069206238","0.7194907069206238","0.7194907069206238"
"1496","131","131","131","0.581193208694458","0.581193208694458","0.581193208694458"
"1497","133","133","133","0.6128160953521729","0.6128160953521729","0.6128160953521729"
"1498","135","135","135","0.6344379782676697","0.6344379782676697","0.6344379782676697"
"1499","137","137","137","0.5458592176437378","0.5458592176437378","0.5458592176437378"
"1500","139","139","139","0.5981563925743103","0.5981563925743103","0.5981563925743103"
"1501","141","141","141","0.640649139881134","0.640649139881134","0.640649139881134"
"1502","143","143","143","0.7269806265830994","0.7269806265830994","0.7269806265830994"
"1503","145","145","145","0.7294490337371826","0.7294490337371826","0.7294490337371826"
"1504","147","147","147","0.5681909918785095","0.5681909918785095","0.5681909918785095"
"1505","149","149","149","0.5732625722885132","0.5732625722885132","0.5732625722885132"
"1506","151","151","151","0.6697454452514648","0.6697454452514648","0.6697454452514648"
"1507","153","153","153","0.6491891145706177","0.6491891145706177","0.6491891145706177"
"1508","155","155","155","0.7188482880592346","0.7188482880592346","0.7188482880592346"
"1509","157","157","157","0.6537540555000305","0.6537540555000305","0.6537540555000305"
"1510","159","159","159","0.5196824669837952","0.5196824669837952","0.5196824669837952"
"1511","161","161","161","0.5394785404205322","0.5394785404205322","0.5394785404205322"
"1512","163","163","163","0.5510348677635193","0.5510348677635193","0.5510348677635193"
"1513","165","165","165","0.5430827140808105","0.5430827140808105","0.5430827140808105"
"1514","167","167","167","0.5736115574836731","0.5736115574836731","0.5736115574836731"
"1515","169","169","169","0.7414359450340271","0.7414359450340271","0.7414359450340271"
"1516","171","171","171","0.6817312240600586","0.6817312240600586","0.6817312240600586"
"1517","173","173","173","0.5793058276176453","0.5793058276176453","0.5793058276176453"
"1518","175","175","175","0.659101665019989","0.659101665019989","0.659101665019989"
"1519","177","177","177","0.6096997261047363","0.6096997261047363","0.6096997261047363"
"1520","179","179","179","0.6624161005020142","0.6624161005020142","0.6624161005020142"
"1521","181","181","181","0.6081565618515015","0.6081565618515015","0.6081565618515015"
"1522","183","183","183","0.5796670913696289","0.5796670913696289","0.5796670913696289"
"1523","185","185","185","0.5925154685974121","0.5925154685974121","0.5925154685974121"
"1524","187","187","187","0.5367030501365662","0.5367030501365662","0.5367030501365662"
"1525","189","189","189","0.5274452567100525","0.5274452567100525","0.5274452567100525"
"1526","191","191","191","0.5480033755302429","0.5480033755302429","0.5480033755302429"
"1527","193","193","193","0.6426035761833191","0.6426035761833191","0.6426035761833191"
"1528","195","195","195","0.7697209715843201","0.7697209715843201","0.7697209715843201"
"1529","197","197","197","0.6856762766838074","0.6856762766838074","0.6856762766838074"
"1530","199","199","199","0.5552189946174622","0.5552189946174622","0.5552189946174622"
"1531","201","201","201","0.5308095812797546","0.5308095812797546","0.5308095812797546"
"1532","203","203","203","0.5800496339797974","0.5800496339797974","0.5800496339797974"
"1533","205","205","205","0.5884582996368408","0.5884582996368408","0.5884582996368408"
"1534","207","207","207","0.6390864253044128","0.6390864253044128","0.6390864253044128"
"1535","209","209","209","0.7372559309005737","0.7372559309005737","0.7372559309005737"
"1536","211","211","211","0.7530220150947571","0.7530220150947571","0.7530220150947571"
"1537","213","213","213","0.5581529140472412","0.5581529140472412","0.5581529140472412"
"1538","215","215","215","0.5500950217247009","0.5500950217247009","0.5500950217247009"
"1539","217","217","217","0.5483970046043396","0.5483970046043396","0.5483970046043396"
"1540","219","219","219","0.5665335655212402","0.5665335655212402","0.5665335655212402"
"1541","221","221","221","0.5179712176322937","0.5179712176322937","0.5179712176322937"
"1542","223","223","223","0.5778553485870361","0.5778553485870361","0.5778553485870361"
"1543","225","225","225","0.6101139187812805","0.6101139187812805","0.6101139187812805"
"1544","227","227","227","0.5691127777099609","0.5691127777099609","0.5691127777099609"
"1545","229","229","229","0.5829908847808838","0.5829908847808838","0.5829908847808838"
"1546","231","231","231","0.6768234968185425","0.6768234968185425","0.6768234968185425"
"1547","233","233","233","0.6546584963798523","0.6546584963798523","0.6546584963798523"
"1548","235","235","235","0.5872350931167603","0.5872350931167603","0.5872350931167603"
"1549","237","237","237","0.679751455783844","0.679751455783844","0.679751455783844"
"1550","239","239","239","0.7686446905136108","0.7686446905136108","0.7686446905136108"
"1551","241","241","241","0.7519557476043701","0.7519557476043701","0.7519557476043701"
"1552","243","243","243","0.5718810558319092","0.5718810558319092","0.5718810558319092"
"1553","245","245","245","0.6105292439460754","0.6105292439460754","0.6105292439460754"
"1554","247","247","247","0.5383175015449524","0.5383175015449524","0.5383175015449524"
"1555","249","249","249","0.5783746242523193","0.5783746242523193","0.5783746242523193"
"1556","251","251","251","0.5763228535652161","0.5763228535652161","0.5763228535652161"
"1557","253","253","253","0.6611670255661011","0.6611670255661011","0.6611670255661011"
"1558","255","255","255","0.7536659240722656","0.7536659240722656","0.7536659240722656"
"1559","257","257","257","0.6892114877700806","0.6892114877700806","0.6892114877700806"
"1560","259","259","259","0.617369532585144","0.617369532585144","0.617369532585144"
"1561","261","261","261","0.6120579242706299","0.6120579242706299","0.6120579242706299"
"1562","263","263","263","0.7929069995880127","0.7929069995880127","0.7929069995880127"
"1563","265","265","265","0.6809322237968445","0.6809322237968445","0.6809322237968445"
"1564","267","267","267","0.7202203273773193","0.7202203273773193","0.7202203273773193"
"1565","269","269","269","0.772315502166748","0.772315502166748","0.772315502166748"
"1566","271","271","271","0.599113404750824","0.599113404750824","0.599113404750824"
"1567","273","273","273","0.5545143485069275","0.5545143485069275","0.5545143485069275"
"1568","275","275","275","0.6002955436706543","0.6002955436706543","0.6002955436706543"
"1569","277","277","277","0.5815409421920776","0.5815409421920776","0.5815409421920776"
"1570","279","279","279","0.6202850341796875","0.6202850341796875","0.6202850341796875"
"1571","281","281","281","0.6506503820419312","0.6506503820419312","0.6506503820419312"
"1572","283","283","283","0.5818403959274292","0.5818403959274292","0.5818403959274292"
"1573","285","285","285","0.5572844743728638","0.5572844743728638","0.5572844743728638"
"1574","287","287","287","0.4929521381855011","0.4929521381855011","0.4929521381855011"
"1575","289","289","289","0.4866846203804016","0.4866846203804016","0.4866846203804016"
"1576","291","291","291","0.5668776035308838","0.5668776035308838","0.5668776035308838"
"1577","293","293","293","0.5943247079849243","0.5943247079849243","0.5943247079849243"
"1578","295","295","295","0.6596609354019165","0.6596609354019165","0.6596609354019165"
"1579","297","297","297","0.643060028553009","0.643060028553009","0.643060028553009"
"1580","299","299","299","0.5859605669975281","0.5859605669975281","0.5859605669975281"
"1581","301","301","301","0.5358151793479919","0.5358151793479919","0.5358151793479919"
"1582","303","303","303","0.6353227496147156","0.6353227496147156","0.6353227496147156"
"1583","305","305","305","0.638180136680603","0.638180136680603","0.638180136680603"
"1584","307","307","307","0.6136069297790527","0.6136069297790527","0.6136069297790527"
"1585","309","309","309","0.6784045100212097","0.6784045100212097","0.6784045100212097"
"1586","311","311","311","0.6121794581413269","0.6121794581413269","0.6121794581413269"
"1587","313","313","313","0.5773715972900391","0.5773715972900391","0.5773715972900391"
"1588","315","315","315","0.6366255283355713","0.6366255283355713","0.6366255283355713"
"1589","317","317","317","0.5710315108299255","0.5710315108299255","0.5710315108299255"
"1590","319","319","319","0.5292019248008728","0.5292019248008728","0.5292019248008728"
"1591","321","321","321","0.5549870729446411","0.5549870729446411","0.5549870729446411"
"1592","323","323","323","0.6464108228683472","0.6464108228683472","0.6464108228683472"
"1593","325","325","325","0.6658635139465332","0.6658635139465332","0.6658635139465332"
"1594","327","327","327","0.7316927313804626","0.7316927313804626","0.7316927313804626"
"1595","329","329","329","0.7353436946868896","0.7353436946868896","0.7353436946868896"
"1596","331","331","331","0.5777283310890198","0.5777283310890198","0.5777283310890198"
"1597","333","333","333","0.6304889917373657","0.6304889917373657","0.6304889917373657"
"1598","335","335","335","0.6220860481262207","0.6220860481262207","0.6220860481262207"
"1599","337","337","337","0.6033104062080383","0.6033104062080383","0.6033104062080383"
"1600","339","339","339","0.6324036717414856","0.6324036717414856","0.6324036717414856"
"1601","341","341","341","0.5653676986694336","0.5653676986694336","0.5653676986694336"
"1602","343","343","343","0.6027739644050598","0.6027739644050598","0.6027739644050598"
"1603","345","345","345","0.5802985429763794","0.5802985429763794","0.5802985429763794"
"1604","347","347","347","0.567470133304596","0.567470133304596","0.567470133304596"
"1605","349","349","349","0.5815922021865845","0.5815922021865845","0.5815922021865845"
"1606","351","351","351","0.6061232686042786","0.6061232686042786","0.6061232686042786"
"1607","353","353","353","0.589263379573822","0.589263379573822","0.589263379573822"
"1608","355","355","355","0.5032205581665039","0.5032205581665039","0.5032205581665039"
"1609","357","357","357","0.559384822845459","0.559384822845459","0.559384822845459"
"1610","359","359","359","0.5708096027374268","0.5708096027374268","0.5708096027374268"
"1611","361","361","361","0.5462456345558167","0.5462456345558167","0.5462456345558167"
"1612","363","363","363","0.5693510174751282","0.5693510174751282","0.5693510174751282"
"1613","365","365","365","0.5805119276046753","0.5805119276046753","0.5805119276046753"
"1614","367","367","367","0.6085410118103027","0.6085410118103027","0.6085410118103027"
"1615","369","369","369","0.6476743817329407","0.6476743817329407","0.6476743817329407"
"1616","371","371","371","0.6460633873939514","0.6460633873939514","0.6460633873939514"
"1617","373","373","373","0.5857406854629517","0.5857406854629517","0.5857406854629517"
"1618","375","375","375","0.6038634777069092","0.6038634777069092","0.6038634777069092"
"1619","377","377","377","0.5624455809593201","0.5624455809593201","0.5624455809593201"
"1620","379","379","379","0.48557230830192566","0.48557230830192566","0.48557230830192566"
"1621","381","381","381","0.5739929676055908","0.5739929676055908","0.5739929676055908"
"1622","383","383","383","0.6026757955551147","0.6026757955551147","0.6026757955551147"
"1623","385","385","385","0.6510909199714661","0.6510909199714661","0.6510909199714661"
"1624","387","387","387","0.7070441246032715","0.7070441246032715","0.7070441246032715"
"1625","389","389","389","0.5614892840385437","0.5614892840385437","0.5614892840385437"
"1626","391","391","391","0.4929071068763733","0.4929071068763733","0.4929071068763733"
"1627","393","393","393","0.6238270998001099","0.6238270998001099","0.6238270998001099"
"1628","395","395","395","0.5424550771713257","0.5424550771713257","0.5424550771713257"
"1629","397","397","397","0.5940191745758057","0.5940191745758057","0.5940191745758057"
"1630","399","399","399","0.526324987411499","0.526324987411499","0.526324987411499"
"1631","401","401","401","0.6026998162269592","0.6026998162269592","0.6026998162269592"
"1632","403","403","403","0.6141995191574097","0.6141995191574097","0.6141995191574097"
"1633","405","405","405","0.6169590353965759","0.6169590353965759","0.6169590353965759"
"1634","407","407","407","0.6892416477203369","0.6892416477203369","0.6892416477203369"
"1635","409","409","409","0.6795333623886108","0.6795333623886108","0.6795333623886108"
"1636","411","411","411","0.5432192087173462","0.5432192087173462","0.5432192087173462"
"1637","413","413","413","0.5750054717063904","0.5750054717063904","0.5750054717063904"
"1638","415","415","415","0.6645188331604004","0.6645188331604004","0.6645188331604004"
"1639","417","417","417","0.6505569219589233","0.6505569219589233","0.6505569219589233"
"1640","419","419","419","0.6113240718841553","0.6113240718841553","0.6113240718841553"
"1641","421","421","421","0.5453531742095947","0.5453531742095947","0.5453531742095947"
"1642","423","423","423","0.5643269419670105","0.5643269419670105","0.5643269419670105"
"1643","425","425","425","0.6642836332321167","0.6642836332321167","0.6642836332321167"
"1644","427","427","427","0.6950077414512634","0.6950077414512634","0.6950077414512634"
"1645","429","429","429","0.5547671914100647","0.5547671914100647","0.5547671914100647"
"1646","431","431","431","0.5398287773132324","0.5398287773132324","0.5398287773132324"
"1647","433","433","433","0.6013029217720032","0.6013029217720032","0.6013029217720032"
"1648","435","435","435","0.5748294591903687","0.5748294591903687","0.5748294591903687"
"1649","437","437","437","0.518841028213501","0.518841028213501","0.518841028213501"
"1650","439","439","439","0.5133512616157532","0.5133512616157532","0.5133512616157532"
"1651","441","441","441","0.5130093097686768","0.5130093097686768","0.5130093097686768"
"1652","443","443","443","0.546811044216156","0.546811044216156","0.546811044216156"
"1653","445","445","445","0.546150267124176","0.546150267124176","0.546150267124176"
"1654","447","447","447","0.5808382630348206","0.5808382630348206","0.5808382630348206"
"1655","449","449","449","0.5487756133079529","0.5487756133079529","0.5487756133079529"
"1656","451","451","451","0.6016644239425659","0.6016644239425659","0.6016644239425659"
"1657","453","453","453","0.638325572013855","0.638325572013855","0.638325572013855"
"1658","455","455","455","0.5037342309951782","0.5037342309951782","0.5037342309951782"
"1659","457","457","457","0.518677830696106","0.518677830696106","0.518677830696106"
"1660","459","459","459","0.5201951265335083","0.5201951265335083","0.5201951265335083"
"1661","461","461","461","0.5730628371238708","0.5730628371238708","0.5730628371238708"
"1662","463","463","463","0.5676700472831726","0.5676700472831726","0.5676700472831726"
"1663","465","465","465","0.5382698178291321","0.5382698178291321","0.5382698178291321"
"1664","467","467","467","0.5576469302177429","0.5576469302177429","0.5576469302177429"
"1665","469","469","469","0.5251542329788208","0.5251542329788208","0.5251542329788208"
"1666","471","471","471","0.5265538096427917","0.5265538096427917","0.5265538096427917"
"1667","473","473","473","0.6052643656730652","0.6052643656730652","0.6052643656730652"
"1668","475","475","475","0.5954388976097107","0.5954388976097107","0.5954388976097107"
"1669","477","477","477","0.5602337718009949","0.5602337718009949","0.5602337718009949"
"1670","479","479","479","0.5726898908615112","0.5726898908615112","0.5726898908615112"
"1671","481","481","481","0.508460521697998","0.508460521697998","0.508460521697998"
"1672","483","483","483","0.5666869878768921","0.5666869878768921","0.5666869878768921"
"1673","485","485","485","0.5390035510063171","0.5390035510063171","0.5390035510063171"
"1674","487","487","487","0.528164267539978","0.528164267539978","0.528164267539978"
"1675","489","489","489","0.555709183216095","0.555709183216095","0.555709183216095"
"1676","491","491","491","0.5402246713638306","0.5402246713638306","0.5402246713638306"
"1677","493","493","493","0.5413491129875183","0.5413491129875183","0.5413491129875183"
"1678","495","495","495","0.5242747068405151","0.5242747068405151","0.5242747068405151"
"1679","497","497","497","0.7158294916152954","0.7158294916152954","0.7158294916152954"
"1680","499","499","499","0.6301991939544678","0.6301991939544678","0.6301991939544678"
"1681","501","501","501","0.6345013380050659","0.6345013380050659","0.6345013380050659"
"1682","503","503","503","0.6649025678634644","0.6649025678634644","0.6649025678634644"
"1683","505","505","505","0.6200096011161804","0.6200096011161804","0.6200096011161804"
"1684","507","507","507","0.5533632040023804","0.5533632040023804","0.5533632040023804"
"1685","509","509","509","0.5732885003089905","0.5732885003089905","0.5732885003089905"
"1686","511","511","511","0.5160728693008423","0.5160728693008423","0.5160728693008423"
"1687","513","513","513","0.5366225838661194","0.5366225838661194","0.5366225838661194"
"1688","515","515","515","0.5189603567123413","0.5189603567123413","0.5189603567123413"
"1689","517","517","517","0.6175186038017273","0.6175186038017273","0.6175186038017273"
"1690","519","519","519","0.654330313205719","0.654330313205719","0.654330313205719"
"1691","521","521","521","0.6351039409637451","0.6351039409637451","0.6351039409637451"
"1692","523","523","523","0.5293460488319397","0.5293460488319397","0.5293460488319397"
"1693","525","525","525","0.4984077513217926","0.4984077513217926","0.4984077513217926"
"1694","527","527","527","0.5265944004058838","0.5265944004058838","0.5265944004058838"
"1695","529","529","529","0.5169183611869812","0.5169183611869812","0.5169183611869812"
"1696","531","531","531","0.5634031295776367","0.5634031295776367","0.5634031295776367"
"1697","533","533","533","0.6038610339164734","0.6038610339164734","0.6038610339164734"
"1698","535","535","535","0.508211612701416","0.508211612701416","0.508211612701416"
"1699","537","537","537","0.5094722509384155","0.5094722509384155","0.5094722509384155"
"1700","539","539","539","0.5510462522506714","0.5510462522506714","0.5510462522506714"
"1701","541","541","541","0.4837326109409332","0.4837326109409332","0.4837326109409332"
"1702","543","543","543","0.5144238471984863","0.5144238471984863","0.5144238471984863"
"1703","545","545","545","0.57225102186203","0.57225102186203","0.57225102186203"
"1704","547","547","547","0.5399793982505798","0.5399793982505798","0.5399793982505798"
"1705","549","549","549","0.5197637677192688","0.5197637677192688","0.5197637677192688"
"1706","551","551","551","0.5103229284286499","0.5103229284286499","0.5103229284286499"
"1707","553","553","553","0.5414268970489502","0.5414268970489502","0.5414268970489502"
"1708","555","555","555","0.5555685758590698","0.5555685758590698","0.5555685758590698"
"1709","557","557","557","0.497536301612854","0.497536301612854","0.497536301612854"
"1710","559","559","559","0.5212384462356567","0.5212384462356567","0.5212384462356567"
"1711","561","561","561","0.5210465788841248","0.5210465788841248","0.5210465788841248"
"1712","563","563","563","0.514471709728241","0.514471709728241","0.514471709728241"
"1713","565","565","565","0.4921552538871765","0.4921552538871765","0.4921552538871765"
"1714","567","567","567","0.4874454438686371","0.4874454438686371","0.4874454438686371"
"1715","569","569","569","0.5250062346458435","0.5250062346458435","0.5250062346458435"
"1716","571","571","571","0.5203880071640015","0.5203880071640015","0.5203880071640015"
"1717","573","573","573","0.6094608306884766","0.6094608306884766","0.6094608306884766"
"1718","575","575","575","0.6791689991950989","0.6791689991950989","0.6791689991950989"
"1719","577","577","577","0.5090901255607605","0.5090901255607605","0.5090901255607605"
"1720","579","579","579","0.5624266862869263","0.5624266862869263","0.5624266862869263"
"1721","581","581","581","0.5947486162185669","0.5947486162185669","0.5947486162185669"
"1722","583","583","583","0.5248928666114807","0.5248928666114807","0.5248928666114807"
"1723","585","585","585","0.5239906311035156","0.5239906311035156","0.5239906311035156"
"1724","587","587","587","0.5849622488021851","0.5849622488021851","0.5849622488021851"
"1725","589","589","589","0.5752322673797607","0.5752322673797607","0.5752322673797607"
"1726","591","591","591","0.5333548188209534","0.5333548188209534","0.5333548188209534"
"1727","593","593","593","0.6123082041740417","0.6123082041740417","0.6123082041740417"
"1728","595","595","595","0.7596298456192017","0.7596298456192017","0.7596298456192017"
"1729","597","597","597","0.5630173683166504","0.5630173683166504","0.5630173683166504"
"1730","599","599","599","0.5492290258407593","0.5492290258407593","0.5492290258407593"
"1731","601","601","601","0.5426579713821411","0.5426579713821411","0.5426579713821411"
"1732","603","603","603","0.5038888454437256","0.5038888454437256","0.5038888454437256"
"1733","605","605","605","0.5403363108634949","0.5403363108634949","0.5403363108634949"
"1734","607","607","607","0.49340033531188965","0.49340033531188965","0.49340033531188965"
"1735","609","609","609","0.5618484020233154","0.5618484020233154","0.5618484020233154"
"1736","611","611","611","0.5980749130249023","0.5980749130249023","0.5980749130249023"
"1737","613","613","613","0.5411491394042969","0.5411491394042969","0.5411491394042969"
"1738","615","615","615","0.4704999029636383","0.4704999029636383","0.4704999029636383"
"1739","617","617","617","0.5134924650192261","0.5134924650192261","0.5134924650192261"
"1740","619","619","619","0.56948322057724","0.56948322057724","0.56948322057724"
"1741","621","621","621","0.5153539180755615","0.5153539180755615","0.5153539180755615"
"1742","623","623","623","0.5313177108764648","0.5313177108764648","0.5313177108764648"
"1743","625","625","625","0.5613990426063538","0.5613990426063538","0.5613990426063538"
"1744","627","627","627","0.6125711798667908","0.6125711798667908","0.6125711798667908"
"1745","629","629","629","0.5651264786720276","0.5651264786720276","0.5651264786720276"
"1746","631","631","631","0.5432183146476746","0.5432183146476746","0.5432183146476746"
"1747","633","633","633","0.5448517203330994","0.5448517203330994","0.5448517203330994"
"1748","635","635","635","0.5006022453308105","0.5006022453308105","0.5006022453308105"
"1749","637","637","637","0.5896651148796082","0.5896651148796082","0.5896651148796082"
"1750","639","639","639","0.5874180793762207","0.5874180793762207","0.5874180793762207"
"1751","641","641","641","0.5070825815200806","0.5070825815200806","0.5070825815200806"
"1752","643","643","643","0.5430209040641785","0.5430209040641785","0.5430209040641785"
"1753","645","645","645","0.5500973463058472","0.5500973463058472","0.5500973463058472"
"1754","647","647","647","0.5170097351074219","0.5170097351074219","0.5170097351074219"
"1755","649","649","649","0.4635743498802185","0.4635743498802185","0.4635743498802185"
"1756","651","651","651","0.47506555914878845","0.47506555914878845","0.47506555914878845"
"1757","653","653","653","0.4841831922531128","0.4841831922531128","0.4841831922531128"
"1758","655","655","655","0.5908776521682739","0.5908776521682739","0.5908776521682739"
"1759","657","657","657","0.5968111157417297","0.5968111157417297","0.5968111157417297"
"1760","659","659","659","0.5602555871009827","0.5602555871009827","0.5602555871009827"
"1761","661","661","661","0.5438687205314636","0.5438687205314636","0.5438687205314636"
"1762","663","663","663","0.513423502445221","0.513423502445221","0.513423502445221"
"1763","665","665","665","0.5003975033760071","0.5003975033760071","0.5003975033760071"
"1764","667","667","667","0.5245230793952942","0.5245230793952942","0.5245230793952942"
"1765","669","669","669","0.48148253560066223","0.48148253560066223","0.48148253560066223"
"1766","671","671","671","0.4806669056415558","0.4806669056415558","0.4806669056415558"
"1767","673","673","673","0.5040644407272339","0.5040644407272339","0.5040644407272339"
"1768","675","675","675","0.5803330540657043","0.5803330540657043","0.5803330540657043"
"1769","677","677","677","0.5772483944892883","0.5772483944892883","0.5772483944892883"
"1770","679","679","679","0.4647177755832672","0.4647177755832672","0.4647177755832672"
"1771","681","681","681","0.5280513763427734","0.5280513763427734","0.5280513763427734"
"1772","683","683","683","0.51072758436203","0.51072758436203","0.51072758436203"
"1773","685","685","685","0.5941159725189209","0.5941159725189209","0.5941159725189209"
"1774","687","687","687","0.5680620074272156","0.5680620074272156","0.5680620074272156"
"1775","689","689","689","0.5361731648445129","0.5361731648445129","0.5361731648445129"
"1776","691","691","691","0.49086877703666687","0.49086877703666687","0.49086877703666687"
"1777","693","693","693","0.5101543068885803","0.5101543068885803","0.5101543068885803"
"1778","695","695","695","0.5095809102058411","0.5095809102058411","0.5095809102058411"
"1779","697","697","697","0.5482865571975708","0.5482865571975708","0.5482865571975708"
"1780","699","699","699","0.47219330072402954","0.47219330072402954","0.47219330072402954"
"1781","701","701","701","0.46732744574546814","0.46732744574546814","0.46732744574546814"
"1782","703","703","703","0.44959181547164917","0.44959181547164917","0.44959181547164917"
"1783","705","705","705","0.5448979735374451","0.5448979735374451","0.5448979735374451"
"1784","707","707","707","0.5687605142593384","0.5687605142593384","0.5687605142593384"
"1785","709","709","709","0.5628031492233276","0.5628031492233276","0.5628031492233276"
"1786","711","711","711","0.5791621804237366","0.5791621804237366","0.5791621804237366"
"1787","713","713","713","0.6229553818702698","0.6229553818702698","0.6229553818702698"
"1788","715","715","715","0.4900520443916321","0.4900520443916321","0.4900520443916321"
"1789","717","717","717","0.5422648787498474","0.5422648787498474","0.5422648787498474"
"1790","719","719","719","0.5765337347984314","0.5765337347984314","0.5765337347984314"
"1791","721","721","721","0.5577192306518555","0.5577192306518555","0.5577192306518555"
"1792","723","723","723","0.4962383508682251","0.4962383508682251","0.4962383508682251"
"1793","725","725","725","0.5675963163375854","0.5675963163375854","0.5675963163375854"
"1794","727","727","727","0.5448009967803955","0.5448009967803955","0.5448009967803955"
"1795","729","729","729","0.46440333127975464","0.46440333127975464","0.46440333127975464"
"1796","731","731","731","0.5150015354156494","0.5150015354156494","0.5150015354156494"
"1797","733","733","733","0.5208804607391357","0.5208804607391357","0.5208804607391357"
"1798","735","735","735","0.5720553994178772","0.5720553994178772","0.5720553994178772"
"1799","737","737","737","0.6483371257781982","0.6483371257781982","0.6483371257781982"
"1800","739","739","739","0.7199236750602722","0.7199236750602722","0.7199236750602722"
"1801","741","741","741","0.52120441198349","0.52120441198349","0.52120441198349"
"1802","743","743","743","0.5610834956169128","0.5610834956169128","0.5610834956169128"
"1803","745","745","745","0.4940287172794342","0.4940287172794342","0.4940287172794342"
"1804","747","747","747","0.5543180108070374","0.5543180108070374","0.5543180108070374"
"1805","749","749","749","0.5431472063064575","0.5431472063064575","0.5431472063064575"
"1806","751","751","751","0.5599258542060852","0.5599258542060852","0.5599258542060852"
"1807","753","753","753","0.553861141204834","0.553861141204834","0.553861141204834"
"1808","755","755","755","0.5386301279067993","0.5386301279067993","0.5386301279067993"
"1809","757","757","757","0.4936421811580658","0.4936421811580658","0.4936421811580658"
"1810","759","759","759","0.5085969567298889","0.5085969567298889","0.5085969567298889"
"1811","761","761","761","0.5477904081344604","0.5477904081344604","0.5477904081344604"
"1812","763","763","763","0.5011348128318787","0.5011348128318787","0.5011348128318787"
"1813","765","765","765","0.47108766436576843","0.47108766436576843","0.47108766436576843"
"1814","767","767","767","0.5291771292686462","0.5291771292686462","0.5291771292686462"
"1815","769","769","769","0.5814670324325562","0.5814670324325562","0.5814670324325562"
"1816","771","771","771","0.5619819164276123","0.5619819164276123","0.5619819164276123"
"1817","773","773","773","0.5681491494178772","0.5681491494178772","0.5681491494178772"
"1818","775","775","775","0.6142634153366089","0.6142634153366089","0.6142634153366089"
"1819","777","777","777","0.466448038816452","0.466448038816452","0.466448038816452"
"1820","779","779","779","0.5685660243034363","0.5685660243034363","0.5685660243034363"
"1821","781","781","781","0.5578886866569519","0.5578886866569519","0.5578886866569519"
"1822","783","783","783","0.5682232975959778","0.5682232975959778","0.5682232975959778"
"1823","785","785","785","0.5418869853019714","0.5418869853019714","0.5418869853019714"
"1824","787","787","787","0.4802905321121216","0.4802905321121216","0.4802905321121216"
"1825","789","789","789","0.488992303609848","0.488992303609848","0.488992303609848"
"1826","791","791","791","0.5312366485595703","0.5312366485595703","0.5312366485595703"
"1827","793","793","793","0.5230016708374023","0.5230016708374023","0.5230016708374023"
"1828","795","795","795","0.4936661422252655","0.4936661422252655","0.4936661422252655"
"1829","797","797","797","0.4889010787010193","0.4889010787010193","0.4889010787010193"
"1830","799","799","799","0.4862426817417145","0.4862426817417145","0.4862426817417145"
"1831","801","801","801","0.47456249594688416","0.47456249594688416","0.47456249594688416"
"1832","803","803","803","0.5256578326225281","0.5256578326225281","0.5256578326225281"
"1833","805","805","805","0.5227267146110535","0.5227267146110535","0.5227267146110535"
"1834","807","807","807","0.5245858430862427","0.5245858430862427","0.5245858430862427"
"1835","809","809","809","0.4913528561592102","0.4913528561592102","0.4913528561592102"
"1836","811","811","811","0.4954225420951843","0.4954225420951843","0.4954225420951843"
"1837","813","813","813","0.5107792615890503","0.5107792615890503","0.5107792615890503"
"1838","815","815","815","0.5377377867698669","0.5377377867698669","0.5377377867698669"
"1839","817","817","817","0.5237776041030884","0.5237776041030884","0.5237776041030884"
"1840","819","819","819","0.5385443568229675","0.5385443568229675","0.5385443568229675"
"1841","821","821","821","0.5255619287490845","0.5255619287490845","0.5255619287490845"
"1842","823","823","823","0.4802188277244568","0.4802188277244568","0.4802188277244568"
"1843","825","825","825","0.5061952471733093","0.5061952471733093","0.5061952471733093"
"1844","827","827","827","0.4719562530517578","0.4719562530517578","0.4719562530517578"
"1845","829","829","829","0.44099974632263184","0.44099974632263184","0.44099974632263184"
"1846","831","831","831","0.46639955043792725","0.46639955043792725","0.46639955043792725"
"1847","833","833","833","0.5395250916481018","0.5395250916481018","0.5395250916481018"
"1848","835","835","835","0.5670989751815796","0.5670989751815796","0.5670989751815796"
"1849","837","837","837","0.5168335437774658","0.5168335437774658","0.5168335437774658"
"1850","839","839","839","0.4793999195098877","0.4793999195098877","0.4793999195098877"
"1851","841","841","841","0.5167884230613708","0.5167884230613708","0.5167884230613708"
"1852","843","843","843","0.5230766534805298","0.5230766534805298","0.5230766534805298"
"1853","845","845","845","0.4686213433742523","0.4686213433742523","0.4686213433742523"
"1854","847","847","847","0.45074713230133057","0.45074713230133057","0.45074713230133057"
"1855","849","849","849","0.4430902302265167","0.4430902302265167","0.4430902302265167"
"1856","851","851","851","0.4468235969543457","0.4468235969543457","0.4468235969543457"
"1857","853","853","853","0.44836315512657166","0.44836315512657166","0.44836315512657166"
"1858","855","855","855","0.49609044194221497","0.49609044194221497","0.49609044194221497"
"1859","857","857","857","0.5573343634605408","0.5573343634605408","0.5573343634605408"
"1860","859","859","859","0.6173841953277588","0.6173841953277588","0.6173841953277588"
"1861","861","861","861","0.6955840587615967","0.6955840587615967","0.6955840587615967"
"1862","863","863","863","0.5011481046676636","0.5011481046676636","0.5011481046676636"
"1863","865","865","865","0.5547604560852051","0.5547604560852051","0.5547604560852051"
"1864","867","867","867","0.604228138923645","0.604228138923645","0.604228138923645"
"1865","869","869","869","0.544914186000824","0.544914186000824","0.544914186000824"
"1866","871","871","871","0.559625506401062","0.559625506401062","0.559625506401062"
"1867","873","873","873","0.5355145335197449","0.5355145335197449","0.5355145335197449"
"1868","875","875","875","0.5048449039459229","0.5048449039459229","0.5048449039459229"
"1869","877","877","877","0.5424845218658447","0.5424845218658447","0.5424845218658447"
"1870","879","879","879","0.5138493776321411","0.5138493776321411","0.5138493776321411"
"1871","881","881","881","0.4991132616996765","0.4991132616996765","0.4991132616996765"
"1872","883","883","883","0.5174127817153931","0.5174127817153931","0.5174127817153931"
"1873","885","885","885","0.4551120400428772","0.4551120400428772","0.4551120400428772"
"1874","887","887","887","0.4761059582233429","0.4761059582233429","0.4761059582233429"
"1875","889","889","889","0.48130932450294495","0.48130932450294495","0.48130932450294495"
"1876","891","891","891","0.4868135452270508","0.4868135452270508","0.4868135452270508"
"1877","893","893","893","0.4930993914604187","0.4930993914604187","0.4930993914604187"
"1878","895","895","895","0.46682509779930115","0.46682509779930115","0.46682509779930115"
"1879","897","897","897","0.5057753324508667","0.5057753324508667","0.5057753324508667"
"1880","899","899","899","0.58544921875","0.58544921875","0.58544921875"
"1881","901","901","901","0.5455017685890198","0.5455017685890198","0.5455017685890198"
"1882","903","903","903","0.48170948028564453","0.48170948028564453","0.48170948028564453"
"1883","905","905","905","0.47700318694114685","0.47700318694114685","0.47700318694114685"
"1884","907","907","907","0.5141178965568542","0.5141178965568542","0.5141178965568542"
"1885","909","909","909","0.49130672216415405","0.49130672216415405","0.49130672216415405"
"1886","911","911","911","0.5453430414199829","0.5453430414199829","0.5453430414199829"
"1887","913","913","913","0.5868791937828064","0.5868791937828064","0.5868791937828064"
"1888","915","915","915","0.5103251934051514","0.5103251934051514","0.5103251934051514"
"1889","917","917","917","0.5191431641578674","0.5191431641578674","0.5191431641578674"
"1890","919","919","919","0.5360131859779358","0.5360131859779358","0.5360131859779358"
"1891","921","921","921","0.5496744513511658","0.5496744513511658","0.5496744513511658"
"1892","923","923","923","0.592732846736908","0.592732846736908","0.592732846736908"
"1893","925","925","925","0.6010973453521729","0.6010973453521729","0.6010973453521729"
"1894","927","927","927","0.5835100412368774","0.5835100412368774","0.5835100412368774"
"1895","929","929","929","0.66640704870224","0.66640704870224","0.66640704870224"
"1896","931","931","931","0.48003193736076355","0.48003193736076355","0.48003193736076355"
"1897","933","933","933","0.5668491125106812","0.5668491125106812","0.5668491125106812"
"1898","935","935","935","0.5716185569763184","0.5716185569763184","0.5716185569763184"
"1899","937","937","937","0.5547292232513428","0.5547292232513428","0.5547292232513428"
"1900","939","939","939","0.6030147671699524","0.6030147671699524","0.6030147671699524"
"1901","941","941","941","0.48938459157943726","0.48938459157943726","0.48938459157943726"
"1902","943","943","943","0.5101531744003296","0.5101531744003296","0.5101531744003296"
"1903","945","945","945","0.5009068250656128","0.5009068250656128","0.5009068250656128"
"1904","947","947","947","0.5240638256072998","0.5240638256072998","0.5240638256072998"
"1905","949","949","949","0.487045556306839","0.487045556306839","0.487045556306839"
"1906","951","951","951","0.49265745282173157","0.49265745282173157","0.49265745282173157"
"1907","953","953","953","0.48665300011634827","0.48665300011634827","0.48665300011634827"
"1908","955","955","955","0.5205360054969788","0.5205360054969788","0.5205360054969788"
"1909","957","957","957","0.44875383377075195","0.44875383377075195","0.44875383377075195"
"1910","959","959","959","0.45790335536003113","0.45790335536003113","0.45790335536003113"
"1911","961","961","961","0.46530821919441223","0.46530821919441223","0.46530821919441223"
"1912","963","963","963","0.4863227307796478","0.4863227307796478","0.4863227307796478"
"1913","965","965","965","0.5112162828445435","0.5112162828445435","0.5112162828445435"
"1914","967","967","967","0.5009219646453857","0.5009219646453857","0.5009219646453857"
"1915","969","969","969","0.4685940146446228","0.4685940146446228","0.4685940146446228"
"1916","971","971","971","0.4450206756591797","0.4450206756591797","0.4450206756591797"
"1917","973","973","973","0.4901452958583832","0.4901452958583832","0.4901452958583832"
"1918","975","975","975","0.5581466555595398","0.5581466555595398","0.5581466555595398"
"1919","977","977","977","0.558291494846344","0.558291494846344","0.558291494846344"
"1920","979","979","979","0.5596234202384949","0.5596234202384949","0.5596234202384949"
"1921","981","981","981","0.5708430409431458","0.5708430409431458","0.5708430409431458"
"1922","983","983","983","0.43222519755363464","0.43222519755363464","0.43222519755363464"
"1923","985","985","985","0.5246170163154602","0.5246170163154602","0.5246170163154602"
"1924","987","987","987","0.5236364006996155","0.5236364006996155","0.5236364006996155"
"1925","989","989","989","0.5183219313621521","0.5183219313621521","0.5183219313621521"
"1926","991","991","991","0.5308393239974976","0.5308393239974976","0.5308393239974976"
"1927","993","993","993","0.46811291575431824","0.46811291575431824","0.46811291575431824"
"1928","995","995","995","0.5114145278930664","0.5114145278930664","0.5114145278930664"
"1929","997","997","997","0.4884026348590851","0.4884026348590851","0.4884026348590851"
"1930","999","999","999","0.53742915391922","0.53742915391922","0.53742915391922"
"1931","1001","1001","1001","0.5843130350112915","0.5843130350112915","0.5843130350112915"
"1932","1003","1003","1003","0.641899049282074","0.641899049282074","0.641899049282074"
"1933","1005","1005","1005","0.452635258436203","0.452635258436203","0.452635258436203"
"1934","1007","1007","1007","0.6570448279380798","0.6570448279380798","0.6570448279380798"
"1935","1009","1009","1009","0.6328907608985901","0.6328907608985901","0.6328907608985901"
"1936","1011","1011","1011","0.5254281163215637","0.5254281163215637","0.5254281163215637"
"1937","1013","1013","1013","0.5532943606376648","0.5532943606376648","0.5532943606376648"
"1938","1015","1015","1015","0.49961042404174805","0.49961042404174805","0.49961042404174805"
"1939","1017","1017","1017","0.4788873493671417","0.4788873493671417","0.4788873493671417"
"1940","1019","1019","1019","0.5218226313591003","0.5218226313591003","0.5218226313591003"
"1941","1021","1021","1021","0.45557960867881775","0.45557960867881775","0.45557960867881775"
"1942","1023","1023","1023","0.4579487442970276","0.4579487442970276","0.4579487442970276"
"1943","1025","1025","1025","0.4887698292732239","0.4887698292732239","0.4887698292732239"
"1944","1027","1027","1027","0.46405768394470215","0.46405768394470215","0.46405768394470215"
"1945","1029","1029","1029","0.45087891817092896","0.45087891817092896","0.45087891817092896"
"1946","1031","1031","1031","0.49875712394714355","0.49875712394714355","0.49875712394714355"
"1947","1033","1033","1033","0.5281473994255066","0.5281473994255066","0.5281473994255066"
"1948","1035","1035","1035","0.4672335088253021","0.4672335088253021","0.4672335088253021"
"1949","1037","1037","1037","0.41059207916259766","0.41059207916259766","0.41059207916259766"
"1950","1039","1039","1039","0.44298312067985535","0.44298312067985535","0.44298312067985535"
"1951","1041","1041","1041","0.47012239694595337","0.47012239694595337","0.47012239694595337"
"1952","1043","1043","1043","0.5217102766036987","0.5217102766036987","0.5217102766036987"
"1953","1045","1045","1045","0.5588316321372986","0.5588316321372986","0.5588316321372986"
"1954","1047","1047","1047","0.5669227242469788","0.5669227242469788","0.5669227242469788"
"1955","1049","1049","1049","0.48487791419029236","0.48487791419029236","0.48487791419029236"
"1956","1051","1051","1051","0.47303903102874756","0.47303903102874756","0.47303903102874756"
"1957","1053","1053","1053","0.5481812357902527","0.5481812357902527","0.5481812357902527"
"1958","1055","1055","1055","0.533267617225647","0.533267617225647","0.533267617225647"
"1959","1057","1057","1057","0.468353271484375","0.468353271484375","0.468353271484375"
"1960","1059","1059","1059","0.4830430746078491","0.4830430746078491","0.4830430746078491"
"1961","1061","1061","1061","0.48445314168930054","0.48445314168930054","0.48445314168930054"
"1962","1063","1063","1063","0.47139084339141846","0.47139084339141846","0.47139084339141846"
"1963","1065","1065","1065","0.4537455439567566","0.4537455439567566","0.4537455439567566"
"1964","1067","1067","1067","0.4854244589805603","0.4854244589805603","0.4854244589805603"
"1965","1069","1069","1069","0.4784136414527893","0.4784136414527893","0.4784136414527893"
"1966","1071","1071","1071","0.45483097434043884","0.45483097434043884","0.45483097434043884"
"1967","1073","1073","1073","0.4588225781917572","0.4588225781917572","0.4588225781917572"
"1968","1075","1075","1075","0.4763807952404022","0.4763807952404022","0.4763807952404022"
"1969","1077","1077","1077","0.4655993580818176","0.4655993580818176","0.4655993580818176"
"1970","1079","1079","1079","0.4749882221221924","0.4749882221221924","0.4749882221221924"
"1971","1081","1081","1081","0.48805147409439087","0.48805147409439087","0.48805147409439087"
"1972","1083","1083","1083","0.4433956742286682","0.4433956742286682","0.4433956742286682"
"1973","1085","1085","1085","0.47351983189582825","0.47351983189582825","0.47351983189582825"
"1974","1087","1087","1087","0.46873658895492554","0.46873658895492554","0.46873658895492554"
"1975","1089","1089","1089","0.4833945035934448","0.4833945035934448","0.4833945035934448"
"1976","1091","1091","1091","0.5391359925270081","0.5391359925270081","0.5391359925270081"
"1977","1093","1093","1093","0.4673994481563568","0.4673994481563568","0.4673994481563568"
"1978","1095","1095","1095","0.40332961082458496","0.40332961082458496","0.40332961082458496"
"1979","1097","1097","1097","0.46052423119544983","0.46052423119544983","0.46052423119544983"
"1980","1099","1099","1099","0.4774357080459595","0.4774357080459595","0.4774357080459595"
"1981","1101","1101","1101","0.48524001240730286","0.48524001240730286","0.48524001240730286"
"1982","1103","1103","1103","0.48183998465538025","0.48183998465538025","0.48183998465538025"
"1983","1105","1105","1105","0.4951654374599457","0.4951654374599457","0.4951654374599457"
"1984","1107","1107","1107","0.46650150418281555","0.46650150418281555","0.46650150418281555"
"1985","1109","1109","1109","0.5103322863578796","0.5103322863578796","0.5103322863578796"
"1986","1111","1111","1111","0.5092998147010803","0.5092998147010803","0.5092998147010803"
"1987","1113","1113","1113","0.4803604185581207","0.4803604185581207","0.4803604185581207"
"1988","1115","1115","1115","0.5480820536613464","0.5480820536613464","0.5480820536613464"
"1989","1117","1117","1117","0.537004828453064","0.537004828453064","0.537004828453064"
"1990","1119","1119","1119","0.46246692538261414","0.46246692538261414","0.46246692538261414"
"1991","1121","1121","1121","0.5235726833343506","0.5235726833343506","0.5235726833343506"
"1992","1123","1123","1123","0.5218484997749329","0.5218484997749329","0.5218484997749329"
"1993","1125","1125","1125","0.5177876353263855","0.5177876353263855","0.5177876353263855"
"1994","1127","1127","1127","0.49372583627700806","0.49372583627700806","0.49372583627700806"
"1995","1129","1129","1129","0.4754713773727417","0.4754713773727417","0.4754713773727417"
"1996","1131","1131","1131","0.5450658202171326","0.5450658202171326","0.5450658202171326"
"1997","1133","1133","1133","0.5184262990951538","0.5184262990951538","0.5184262990951538"
"1998","1135","1135","1135","0.5019411444664001","0.5019411444664001","0.5019411444664001"
"1999","1137","1137","1137","0.4604601263999939","0.4604601263999939","0.4604601263999939"
"2000","1139","1139","1139","0.44100847840309143","0.44100847840309143","0.44100847840309143"
"2001","1141","1141","1141","0.4005478322505951","0.4005478322505951","0.4005478322505951"
"2002","1143","1143","1143","0.4103144407272339","0.4103144407272339","0.4103144407272339"
"2003","1145","1145","1145","0.43809574842453003","0.43809574842453003","0.43809574842453003"
"2004","1147","1147","1147","0.4489554762840271","0.4489554762840271","0.4489554762840271"
"2005","1149","1149","1149","0.5294132828712463","0.5294132828712463","0.5294132828712463"
"2006","1151","1151","1151","0.6011368632316589","0.6011368632316589","0.6011368632316589"
"2007","1153","1153","1153","0.5117939710617065","0.5117939710617065","0.5117939710617065"
"2008","1155","1155","1155","0.4807746112346649","0.4807746112346649","0.4807746112346649"
"2009","1157","1157","1157","0.4581567943096161","0.4581567943096161","0.4581567943096161"
"2010","1159","1159","1159","0.5883089900016785","0.5883089900016785","0.5883089900016785"
"2011","1161","1161","1161","0.5008617639541626","0.5008617639541626","0.5008617639541626"
"2012","1163","1163","1163","0.5223919153213501","0.5223919153213501","0.5223919153213501"
"2013","1165","1165","1165","0.4657731354236603","0.4657731354236603","0.4657731354236603"
"2014","1167","1167","1167","0.6706924438476562","0.6706924438476562","0.6706924438476562"
"2015","1169","1169","1169","0.48437029123306274","0.48437029123306274","0.48437029123306274"
"2016","1171","1171","1171","0.5322680473327637","0.5322680473327637","0.5322680473327637"
"2017","1173","1173","1173","0.5092856287956238","0.5092856287956238","0.5092856287956238"
"2018","1175","1175","1175","0.45898011326789856","0.45898011326789856","0.45898011326789856"
"2019","1177","1177","1177","0.48250365257263184","0.48250365257263184","0.48250365257263184"
"2020","1179","1179","1179","0.5039449334144592","0.5039449334144592","0.5039449334144592"
"2021","1181","1181","1181","0.5105528831481934","0.5105528831481934","0.5105528831481934"
"2022","1183","1183","1183","0.4705716073513031","0.4705716073513031","0.4705716073513031"
"2023","1185","1185","1185","0.4755449891090393","0.4755449891090393","0.4755449891090393"
"2024","1187","1187","1187","0.4681563973426819","0.4681563973426819","0.4681563973426819"
"2025","1189","1189","1189","0.5360262393951416","0.5360262393951416","0.5360262393951416"
"2026","1191","1191","1191","0.5058018565177917","0.5058018565177917","0.5058018565177917"
"2027","1193","1193","1193","0.4489229619503021","0.4489229619503021","0.4489229619503021"
"2028","1195","1195","1195","0.4561314880847931","0.4561314880847931","0.4561314880847931"
"2029","1197","1197","1197","0.5095952749252319","0.5095952749252319","0.5095952749252319"
"2030","1199","1199","1199","0.433597207069397","0.433597207069397","0.433597207069397"
"2031","1201","1201","1201","0.46227285265922546","0.46227285265922546","0.46227285265922546"
"2032","1203","1203","1203","0.4603250324726105","0.4603250324726105","0.4603250324726105"
"2033","1205","1205","1205","0.4464409649372101","0.4464409649372101","0.4464409649372101"
"2034","1207","1207","1207","0.4860258400440216","0.4860258400440216","0.4860258400440216"
"2035","1209","1209","1209","0.4514332711696625","0.4514332711696625","0.4514332711696625"
"2036","1211","1211","1211","0.46701622009277344","0.46701622009277344","0.46701622009277344"
"2037","1213","1213","1213","0.467870831489563","0.467870831489563","0.467870831489563"
"2038","1215","1215","1215","0.5051186680793762","0.5051186680793762","0.5051186680793762"
"2039","1217","1217","1217","0.5228244662284851","0.5228244662284851","0.5228244662284851"
"2040","1219","1219","1219","0.45241037011146545","0.45241037011146545","0.45241037011146545"
"2041","1221","1221","1221","0.5007246136665344","0.5007246136665344","0.5007246136665344"
"2042","1223","1223","1223","0.5448611378669739","0.5448611378669739","0.5448611378669739"
"2043","1225","1225","1225","0.5161848664283752","0.5161848664283752","0.5161848664283752"
"2044","1227","1227","1227","0.4991714656352997","0.4991714656352997","0.4991714656352997"
"2045","1229","1229","1229","0.5091063976287842","0.5091063976287842","0.5091063976287842"
"2046","1231","1231","1231","0.5160362124443054","0.5160362124443054","0.5160362124443054"
"2047","1233","1233","1233","0.4768398404121399","0.4768398404121399","0.4768398404121399"
"2048","1235","1235","1235","0.5192970037460327","0.5192970037460327","0.5192970037460327"
"2049","1237","1237","1237","0.4412862956523895","0.4412862956523895","0.4412862956523895"
"2050","1239","1239","1239","0.4721868932247162","0.4721868932247162","0.4721868932247162"
"2051","1241","1241","1241","0.47530490159988403","0.47530490159988403","0.47530490159988403"
"2052","1243","1243","1243","0.4869873523712158","0.4869873523712158","0.4869873523712158"
"2053","1245","1245","1245","0.4679078459739685","0.4679078459739685","0.4679078459739685"
"2054","1247","1247","1247","0.46681854128837585","0.46681854128837585","0.46681854128837585"
"2055","1249","1249","1249","0.47278648614883423","0.47278648614883423","0.47278648614883423"
"2056","1251","1251","1251","0.5391460657119751","0.5391460657119751","0.5391460657119751"
"2057","1253","1253","1253","0.5189940333366394","0.5189940333366394","0.5189940333366394"
"2058","1255","1255","1255","0.5013365745544434","0.5013365745544434","0.5013365745544434"
"2059","1257","1257","1257","0.4618358016014099","0.4618358016014099","0.4618358016014099"
"2060","1259","1259","1259","0.44717517495155334","0.44717517495155334","0.44717517495155334"
"2061","1261","1261","1261","0.5183799862861633","0.5183799862861633","0.5183799862861633"
"2062","1263","1263","1263","0.5154462456703186","0.5154462456703186","0.5154462456703186"
"2063","1265","1265","1265","0.5727717280387878","0.5727717280387878","0.5727717280387878"
"2064","1267","1267","1267","0.5368051528930664","0.5368051528930664","0.5368051528930664"
"2065","1269","1269","1269","0.4470488131046295","0.4470488131046295","0.4470488131046295"
"2066","1271","1271","1271","0.5408999919891357","0.5408999919891357","0.5408999919891357"
"2067","1273","1273","1273","0.5247623920440674","0.5247623920440674","0.5247623920440674"
"2068","1275","1275","1275","0.5255381464958191","0.5255381464958191","0.5255381464958191"
"2069","1277","1277","1277","0.5273457765579224","0.5273457765579224","0.5273457765579224"
"2070","1279","1279","1279","0.5212001204490662","0.5212001204490662","0.5212001204490662"
"2071","1281","1281","1281","0.49851182103157043","0.49851182103157043","0.49851182103157043"
"2072","1283","1283","1283","0.4529671370983124","0.4529671370983124","0.4529671370983124"
"2073","1285","1285","1285","0.48073238134384155","0.48073238134384155","0.48073238134384155"
"2074","1287","1287","1287","0.444675475358963","0.444675475358963","0.444675475358963"
"2075","1289","1289","1289","0.46178317070007324","0.46178317070007324","0.46178317070007324"
"2076","1291","1291","1291","0.4752955138683319","0.4752955138683319","0.4752955138683319"
"2077","1293","1293","1293","0.43565118312835693","0.43565118312835693","0.43565118312835693"
"2078","1295","1295","1295","0.49094048142433167","0.49094048142433167","0.49094048142433167"
"2079","1297","1297","1297","0.4662705063819885","0.4662705063819885","0.4662705063819885"
"2080","1299","1299","1299","0.44367703795433044","0.44367703795433044","0.44367703795433044"
"2081","1301","1301","1301","0.4422941207885742","0.4422941207885742","0.4422941207885742"
"2082","1303","1303","1303","0.42542028427124023","0.42542028427124023","0.42542028427124023"
"2083","1305","1305","1305","0.43162861466407776","0.43162861466407776","0.43162861466407776"
"2084","1307","1307","1307","0.44796785712242126","0.44796785712242126","0.44796785712242126"
"2085","1309","1309","1309","0.47058504819869995","0.47058504819869995","0.47058504819869995"
"2086","1311","1311","1311","0.4886768162250519","0.4886768162250519","0.4886768162250519"
"2087","1313","1313","1313","0.45856234431266785","0.45856234431266785","0.45856234431266785"
"2088","1315","1315","1315","0.4581257402896881","0.4581257402896881","0.4581257402896881"
"2089","1317","1317","1317","0.5023787617683411","0.5023787617683411","0.5023787617683411"
"2090","1319","1319","1319","0.5030457973480225","0.5030457973480225","0.5030457973480225"
"2091","1321","1321","1321","0.5340704321861267","0.5340704321861267","0.5340704321861267"
"2092","1323","1323","1323","0.5951728820800781","0.5951728820800781","0.5951728820800781"
"2093","1325","1325","1325","0.48802632093429565","0.48802632093429565","0.48802632093429565"
"2094","1327","1327","1327","0.48661008477211","0.48661008477211","0.48661008477211"
"2095","1329","1329","1329","0.5243850946426392","0.5243850946426392","0.5243850946426392"
"2096","1331","1331","1331","0.5017729997634888","0.5017729997634888","0.5017729997634888"
"2097","1333","1333","1333","0.47232794761657715","0.47232794761657715","0.47232794761657715"
"2098","1335","1335","1335","0.49753400683403015","0.49753400683403015","0.49753400683403015"
"2099","1337","1337","1337","0.4941667318344116","0.4941667318344116","0.4941667318344116"
"2100","1339","1339","1339","0.5169700980186462","0.5169700980186462","0.5169700980186462"
"2101","1341","1341","1341","0.43004271388053894","0.43004271388053894","0.43004271388053894"
"2102","1343","1343","1343","0.43771204352378845","0.43771204352378845","0.43771204352378845"
"2103","1345","1345","1345","0.45382389426231384","0.45382389426231384","0.45382389426231384"
"2104","1347","1347","1347","0.464615136384964","0.464615136384964","0.464615136384964"
"2105","1349","1349","1349","0.5081754922866821","0.5081754922866821","0.5081754922866821"
"2106","1351","1351","1351","0.5007129907608032","0.5007129907608032","0.5007129907608032"
"2107","1353","1353","1353","0.5648737549781799","0.5648737549781799","0.5648737549781799"
"2108","1355","1355","1355","0.5000528693199158","0.5000528693199158","0.5000528693199158"
"2109","1357","1357","1357","0.5078808069229126","0.5078808069229126","0.5078808069229126"
"2110","1359","1359","1359","0.5244473218917847","0.5244473218917847","0.5244473218917847"
"2111","1361","1361","1361","0.49863940477371216","0.49863940477371216","0.49863940477371216"
"2112","1363","1363","1363","0.4670584201812744","0.4670584201812744","0.4670584201812744"
"2113","1365","1365","1365","0.4091489911079407","0.4091489911079407","0.4091489911079407"
"2114","1367","1367","1367","0.46130794286727905","0.46130794286727905","0.46130794286727905"
"2115","1369","1369","1369","0.44801217317581177","0.44801217317581177","0.44801217317581177"
"2116","1371","1371","1371","0.44165873527526855","0.44165873527526855","0.44165873527526855"
"2117","1373","1373","1373","0.43521299958229065","0.43521299958229065","0.43521299958229065"
"2118","1375","1375","1375","0.470013827085495","0.470013827085495","0.470013827085495"
"2119","1377","1377","1377","0.45458894968032837","0.45458894968032837","0.45458894968032837"
"2120","1379","1379","1379","0.42067185044288635","0.42067185044288635","0.42067185044288635"
"2121","1381","1381","1381","0.4622305929660797","0.4622305929660797","0.4622305929660797"
"2122","1383","1383","1383","0.4452149569988251","0.4452149569988251","0.4452149569988251"
"2123","1385","1385","1385","0.4342016577720642","0.4342016577720642","0.4342016577720642"
"2124","1387","1387","1387","0.4314890503883362","0.4314890503883362","0.4314890503883362"
"2125","1389","1389","1389","0.45826229453086853","0.45826229453086853","0.45826229453086853"
"2126","1391","1391","1391","0.46062296628952026","0.46062296628952026","0.46062296628952026"
"2127","1393","1393","1393","0.4358956515789032","0.4358956515789032","0.4358956515789032"
"2128","1395","1395","1395","0.50066739320755","0.50066739320755","0.50066739320755"
"2129","1397","1397","1397","0.4658045470714569","0.4658045470714569","0.4658045470714569"
"2130","1399","1399","1399","0.4993683397769928","0.4993683397769928","0.4993683397769928"
"2131","1401","1401","1401","0.5455442667007446","0.5455442667007446","0.5455442667007446"
"2132","1403","1403","1403","0.6160641312599182","0.6160641312599182","0.6160641312599182"
"2133","1405","1405","1405","0.6587468385696411","0.6587468385696411","0.6587468385696411"
"2134","1407","1407","1407","0.4643169939517975","0.4643169939517975","0.4643169939517975"
"2135","1409","1409","1409","0.6186632513999939","0.6186632513999939","0.6186632513999939"
"2136","1411","1411","1411","0.5048719644546509","0.5048719644546509","0.5048719644546509"
"2137","1413","1413","1413","0.5678930282592773","0.5678930282592773","0.5678930282592773"
"2138","1415","1415","1415","0.46216025948524475","0.46216025948524475","0.46216025948524475"
"2139","1417","1417","1417","0.49591943621635437","0.49591943621635437","0.49591943621635437"
"2140","1419","1419","1419","0.4523506462574005","0.4523506462574005","0.4523506462574005"
"2141","1421","1421","1421","0.5169978737831116","0.5169978737831116","0.5169978737831116"
"2142","1423","1423","1423","0.562206506729126","0.562206506729126","0.562206506729126"
"2143","1425","1425","1425","0.5028553009033203","0.5028553009033203","0.5028553009033203"
"2144","1427","1427","1427","0.49820953607559204","0.49820953607559204","0.49820953607559204"
"2145","1429","1429","1429","0.5011247992515564","0.5011247992515564","0.5011247992515564"
"2146","1431","1431","1431","0.4893476963043213","0.4893476963043213","0.4893476963043213"
"2147","1433","1433","1433","0.5042200684547424","0.5042200684547424","0.5042200684547424"
"2148","1435","1435","1435","0.4621143937110901","0.4621143937110901","0.4621143937110901"
"2149","1437","1437","1437","0.42745867371559143","0.42745867371559143","0.42745867371559143"
"2150","1439","1439","1439","0.44544506072998047","0.44544506072998047","0.44544506072998047"
"2151","1441","1441","1441","0.504507839679718","0.504507839679718","0.504507839679718"
"2152","1443","1443","1443","0.5237895846366882","0.5237895846366882","0.5237895846366882"
"2153","1445","1445","1445","0.5016290545463562","0.5016290545463562","0.5016290545463562"
"2154","1447","1447","1447","0.49281036853790283","0.49281036853790283","0.49281036853790283"
"2155","1449","1449","1449","0.4674396514892578","0.4674396514892578","0.4674396514892578"
"2156","1451","1451","1451","0.4858885109424591","0.4858885109424591","0.4858885109424591"
"2157","1453","1453","1453","0.4659808576107025","0.4659808576107025","0.4659808576107025"
"2158","1455","1455","1455","0.4376586079597473","0.4376586079597473","0.4376586079597473"
"2159","1457","1457","1457","0.4580209255218506","0.4580209255218506","0.4580209255218506"
"2160","1459","1459","1459","0.46727168560028076","0.46727168560028076","0.46727168560028076"
"2161","1461","1461","1461","0.4651198983192444","0.4651198983192444","0.4651198983192444"
"2162","1463","1463","1463","0.49819451570510864","0.49819451570510864","0.49819451570510864"
"2163","1465","1465","1465","0.5036655068397522","0.5036655068397522","0.5036655068397522"
"2164","1467","1467","1467","0.43623489141464233","0.43623489141464233","0.43623489141464233"
"2165","1469","1469","1469","0.4827079176902771","0.4827079176902771","0.4827079176902771"
"2166","1471","1471","1471","0.4666508138179779","0.4666508138179779","0.4666508138179779"
"2167","1473","1473","1473","0.5765605568885803","0.5765605568885803","0.5765605568885803"
"2168","1475","1475","1475","0.5804438591003418","0.5804438591003418","0.5804438591003418"
"2169","1477","1477","1477","0.5317498445510864","0.5317498445510864","0.5317498445510864"
"2170","1479","1479","1479","0.5028852820396423","0.5028852820396423","0.5028852820396423"
"2171","1481","1481","1481","0.5380254983901978","0.5380254983901978","0.5380254983901978"
"2172","1483","1483","1483","0.5074295401573181","0.5074295401573181","0.5074295401573181"
"2173","1485","1485","1485","0.4752378463745117","0.4752378463745117","0.4752378463745117"
"2174","1487","1487","1487","0.5414421558380127","0.5414421558380127","0.5414421558380127"
"2175","1489","1489","1489","0.5335989594459534","0.5335989594459534","0.5335989594459534"
"2176","1491","1491","1491","0.45825129747390747","0.45825129747390747","0.45825129747390747"
"2177","1493","1493","1493","0.46811643242836","0.46811643242836","0.46811643242836"
"2178","1495","1495","1495","0.49697357416152954","0.49697357416152954","0.49697357416152954"
"2179","1497","1497","1497","0.498689204454422","0.498689204454422","0.498689204454422"
"2180","1499","1499","1499","0.45583149790763855","0.45583149790763855","0.45583149790763855"
"2181","1501","1501","1501","0.45569005608558655","0.45569005608558655","0.45569005608558655"
"2182","1503","1503","1503","0.4451855421066284","0.4451855421066284","0.4451855421066284"
"2183","1505","1505","1505","0.4863694906234741","0.4863694906234741","0.4863694906234741"
"2184","1507","1507","1507","0.42973968386650085","0.42973968386650085","0.42973968386650085"
"2185","1509","1509","1509","0.45173999667167664","0.45173999667167664","0.45173999667167664"
"2186","1511","1511","1511","0.4272589087486267","0.4272589087486267","0.4272589087486267"
"2187","1513","1513","1513","0.41802045702934265","0.41802045702934265","0.41802045702934265"
"2188","1515","1515","1515","0.49390992522239685","0.49390992522239685","0.49390992522239685"
"2189","1517","1517","1517","0.46782246232032776","0.46782246232032776","0.46782246232032776"
"2190","1519","1519","1519","0.4695691764354706","0.4695691764354706","0.4695691764354706"
"2191","1521","1521","1521","0.45875030755996704","0.45875030755996704","0.45875030755996704"
"2192","1523","1523","1523","0.44458311796188354","0.44458311796188354","0.44458311796188354"
"2193","1525","1525","1525","0.4212944209575653","0.4212944209575653","0.4212944209575653"
"2194","1527","1527","1527","0.42394500970840454","0.42394500970840454","0.42394500970840454"
"2195","1529","1529","1529","0.4188472330570221","0.4188472330570221","0.4188472330570221"
"2196","1531","1531","1531","0.42410314083099365","0.42410314083099365","0.42410314083099365"
"2197","1533","1533","1533","0.4095020592212677","0.4095020592212677","0.4095020592212677"
"2198","1535","1535","1535","0.44156184792518616","0.44156184792518616","0.44156184792518616"
"2199","1537","1537","1537","0.40869981050491333","0.40869981050491333","0.40869981050491333"
"2200","1539","1539","1539","0.4448339641094208","0.4448339641094208","0.4448339641094208"
"2201","1541","1541","1541","0.528689980506897","0.528689980506897","0.528689980506897"
"2202","1543","1543","1543","0.5791971683502197","0.5791971683502197","0.5791971683502197"
"2203","1545","1545","1545","0.5259271860122681","0.5259271860122681","0.5259271860122681"
"2204","1547","1547","1547","0.4728470742702484","0.4728470742702484","0.4728470742702484"
"2205","1549","1549","1549","0.5418043732643127","0.5418043732643127","0.5418043732643127"
"2206","1551","1551","1551","0.6566442251205444","0.6566442251205444","0.6566442251205444"
"2207","1553","1553","1553","0.48895063996315","0.48895063996315","0.48895063996315"
"2208","1555","1555","1555","0.5547869801521301","0.5547869801521301","0.5547869801521301"
"2209","1557","1557","1557","0.5380222201347351","0.5380222201347351","0.5380222201347351"
"2210","1559","1559","1559","0.4891265034675598","0.4891265034675598","0.4891265034675598"
"2211","1561","1561","1561","0.5477768182754517","0.5477768182754517","0.5477768182754517"
"2212","1563","1563","1563","0.4604209363460541","0.4604209363460541","0.4604209363460541"
"2213","1565","1565","1565","0.5069472193717957","0.5069472193717957","0.5069472193717957"
"2214","1567","1567","1567","0.49027785658836365","0.49027785658836365","0.49027785658836365"
"2215","1569","1569","1569","0.4837375581264496","0.4837375581264496","0.4837375581264496"
"2216","1571","1571","1571","0.5173114538192749","0.5173114538192749","0.5173114538192749"
"2217","1573","1573","1573","0.4441947340965271","0.4441947340965271","0.4441947340965271"
"2218","1575","1575","1575","0.48997747898101807","0.48997747898101807","0.48997747898101807"
"2219","1577","1577","1577","0.4912398159503937","0.4912398159503937","0.4912398159503937"
"2220","1579","1579","1579","0.46396544575691223","0.46396544575691223","0.46396544575691223"
"2221","1581","1581","1581","0.47220396995544434","0.47220396995544434","0.47220396995544434"
"2222","1583","1583","1583","0.5265220403671265","0.5265220403671265","0.5265220403671265"
"2223","1585","1585","1585","0.5291048288345337","0.5291048288345337","0.5291048288345337"
"2224","1587","1587","1587","0.5068904757499695","0.5068904757499695","0.5068904757499695"
"2225","1589","1589","1589","0.44673043489456177","0.44673043489456177","0.44673043489456177"
"2226","1591","1591","1591","0.5701234340667725","0.5701234340667725","0.5701234340667725"
"2227","1593","1593","1593","0.517002522945404","0.517002522945404","0.517002522945404"
"2228","1595","1595","1595","0.558316707611084","0.558316707611084","0.558316707611084"
"2229","1597","1597","1597","0.5281623005867004","0.5281623005867004","0.5281623005867004"
"2230","1599","1599","1599","0.5771796107292175","0.5771796107292175","0.5771796107292175"
"2231","1601","1601","1601","0.6206218004226685","0.6206218004226685","0.6206218004226685"
"2232","1603","1603","1603","0.5207273960113525","0.5207273960113525","0.5207273960113525"
"2233","1605","1605","1605","0.5334031581878662","0.5334031581878662","0.5334031581878662"
"2234","1607","1607","1607","0.5461141467094421","0.5461141467094421","0.5461141467094421"
"2235","1609","1609","1609","0.5939908027648926","0.5939908027648926","0.5939908027648926"
"2236","1611","1611","1611","0.5692217350006104","0.5692217350006104","0.5692217350006104"
"2237","1613","1613","1613","0.704760730266571","0.704760730266571","0.704760730266571"
"2238","1615","1615","1615","0.5603071451187134","0.5603071451187134","0.5603071451187134"
"2239","1617","1617","1617","0.6566756367683411","0.6566756367683411","0.6566756367683411"
"2240","1619","1619","1619","0.5731530785560608","0.5731530785560608","0.5731530785560608"
"2241","1621","1621","1621","0.6876869797706604","0.6876869797706604","0.6876869797706604"
"2242","1623","1623","1623","0.5616410374641418","0.5616410374641418","0.5616410374641418"
"2243","1625","1625","1625","0.6347065567970276","0.6347065567970276","0.6347065567970276"
"2244","1627","1627","1627","0.635171115398407","0.635171115398407","0.635171115398407"
"2245","1629","1629","1629","0.6393298506736755","0.6393298506736755","0.6393298506736755"
"2246","1631","1631","1631","0.6511961221694946","0.6511961221694946","0.6511961221694946"
"2247","1633","1633","1633","0.6658947467803955","0.6658947467803955","0.6658947467803955"
"2248","1635","1635","1635","0.6218146085739136","0.6218146085739136","0.6218146085739136"
"2249","1637","1637","1637","0.6680585145950317","0.6680585145950317","0.6680585145950317"
"2250","1639","1639","1639","0.7036454677581787","0.7036454677581787","0.7036454677581787"
"2251","1641","1641","1641","0.5918685793876648","0.5918685793876648","0.5918685793876648"
"2252","1643","1643","1643","0.6974181532859802","0.6974181532859802","0.6974181532859802"
"2253","1645","1645","1645","0.6916112899780273","0.6916112899780273","0.6916112899780273"
"2254","1647","1647","1647","0.6913856863975525","0.6913856863975525","0.6913856863975525"
"2255","1649","1649","1649","0.6547206044197083","0.6547206044197083","0.6547206044197083"
"2256","1651","1651","1651","0.6904253363609314","0.6904253363609314","0.6904253363609314"
"2257","1653","1653","1653","0.66948002576828","0.66948002576828","0.66948002576828"
"2258","1655","1655","1655","0.6315594911575317","0.6315594911575317","0.6315594911575317"
"2259","1657","1657","1657","0.6595442891120911","0.6595442891120911","0.6595442891120911"
"2260","1659","1659","1659","0.6655550599098206","0.6655550599098206","0.6655550599098206"
"2261","1661","1661","1661","0.6530923843383789","0.6530923843383789","0.6530923843383789"
"2262","1663","1663","1663","0.6490007638931274","0.6490007638931274","0.6490007638931274"
"2263","1665","1665","1665","0.6777457594871521","0.6777457594871521","0.6777457594871521"
"2264","1667","1667","1667","0.7363784313201904","0.7363784313201904","0.7363784313201904"
"2265","1669","1669","1669","0.6956572532653809","0.6956572532653809","0.6956572532653809"
"2266","1671","1671","1671","0.6744281649589539","0.6744281649589539","0.6744281649589539"
"2267","1673","1673","1673","0.7272401452064514","0.7272401452064514","0.7272401452064514"
"2268","1675","1675","1675","0.6905511617660522","0.6905511617660522","0.6905511617660522"
"2269","1677","1677","1677","0.701210081577301","0.701210081577301","0.701210081577301"
"2270","1679","1679","1679","0.6850737929344177","0.6850737929344177","0.6850737929344177"
"2271","1681","1681","1681","0.691528856754303","0.691528856754303","0.691528856754303"
"2272","1683","1683","1683","0.6647382378578186","0.6647382378578186","0.6647382378578186"
"2273","1685","1685","1685","0.6947885155677795","0.6947885155677795","0.6947885155677795"
"2274","1687","1687","1687","0.690976619720459","0.690976619720459","0.690976619720459"
"2275","1689","1689","1689","0.6575112342834473","0.6575112342834473","0.6575112342834473"
"2276","1691","1691","1691","0.7090022563934326","0.7090022563934326","0.7090022563934326"
"2277","1693","1693","1693","0.6795150637626648","0.6795150637626648","0.6795150637626648"
"2278","1695","1695","1695","0.6875185966491699","0.6875185966491699","0.6875185966491699"
"2279","1697","1697","1697","0.7223758697509766","0.7223758697509766","0.7223758697509766"
"2280","1699","1699","1699","0.7621012330055237","0.7621012330055237","0.7621012330055237"
"2281","1701","1701","1701","0.7708149552345276","0.7708149552345276","0.7708149552345276"
"2282","1703","1703","1703","0.7091228365898132","0.7091228365898132","0.7091228365898132"
"2283","1705","1705","1705","0.7749343514442444","0.7749343514442444","0.7749343514442444"
"2284","1707","1707","1707","0.729688286781311","0.729688286781311","0.729688286781311"
"2285","1709","1709","1709","0.7871707677841187","0.7871707677841187","0.7871707677841187"
"2286","1711","1711","1711","0.7260395884513855","0.7260395884513855","0.7260395884513855"
"2287","1713","1713","1713","0.7818638682365417","0.7818638682365417","0.7818638682365417"
"2288","1715","1715","1715","0.7577084302902222","0.7577084302902222","0.7577084302902222"
"2289","1717","1717","1717","0.8237423300743103","0.8237423300743103","0.8237423300743103"
"2290","1719","1719","1719","0.7800793647766113","0.7800793647766113","0.7800793647766113"
"2291","1721","1721","1721","0.754267692565918","0.754267692565918","0.754267692565918"
"2292","1723","1723","1723","0.7742645144462585","0.7742645144462585","0.7742645144462585"
"2293","1725","1725","1725","0.7215755581855774","0.7215755581855774","0.7215755581855774"
"2294","1727","1727","1727","0.7448723912239075","0.7448723912239075","0.7448723912239075"
"2295","1729","1729","1729","0.7990716695785522","0.7990716695785522","0.7990716695785522"
"2296","1731","1731","1731","0.6981931924819946","0.6981931924819946","0.6981931924819946"
"2297","1733","1733","1733","0.7827507853507996","0.7827507853507996","0.7827507853507996"
"2298","1735","1735","1735","0.7499753832817078","0.7499753832817078","0.7499753832817078"
"2299","1737","1737","1737","0.6821829080581665","0.6821829080581665","0.6821829080581665"
"2300","1739","1739","1739","0.6897426247596741","0.6897426247596741","0.6897426247596741"
"2301","1741","1741","1741","0.6731637120246887","0.6731637120246887","0.6731637120246887"
"2302","1743","1743","1743","0.6781780123710632","0.6781780123710632","0.6781780123710632"
"2303","1745","1745","1745","0.7375196218490601","0.7375196218490601","0.7375196218490601"
"2304","1747","1747","1747","0.7098681330680847","0.7098681330680847","0.7098681330680847"
"2305","1749","1749","1749","0.6657136082649231","0.6657136082649231","0.6657136082649231"
"2306","1751","1751","1751","0.7513484954833984","0.7513484954833984","0.7513484954833984"
"2307","1753","1753","1753","0.7374359369277954","0.7374359369277954","0.7374359369277954"
"2308","1755","1755","1755","0.6703909039497375","0.6703909039497375","0.6703909039497375"
"2309","1757","1757","1757","0.6969889998435974","0.6969889998435974","0.6969889998435974"
"2310","1759","1759","1759","0.642799437046051","0.642799437046051","0.642799437046051"
"2311","1761","1761","1761","0.6852676868438721","0.6852676868438721","0.6852676868438721"
"2312","1763","1763","1763","0.7062456011772156","0.7062456011772156","0.7062456011772156"
"2313","1765","1765","1765","0.6744093298912048","0.6744093298912048","0.6744093298912048"
"2314","1767","1767","1767","0.6903122067451477","0.6903122067451477","0.6903122067451477"
"2315","1769","1769","1769","0.7180726528167725","0.7180726528167725","0.7180726528167725"
"2316","1771","1771","1771","0.7139904499053955","0.7139904499053955","0.7139904499053955"
"2317","1773","1773","1773","0.7027103304862976","0.7027103304862976","0.7027103304862976"
"2318","1775","1775","1775","0.706653356552124","0.706653356552124","0.706653356552124"
"2319","1777","1777","1777","0.6688994765281677","0.6688994765281677","0.6688994765281677"
"2320","1779","1779","1779","0.6975128650665283","0.6975128650665283","0.6975128650665283"
"2321","1781","1781","1781","0.6480236053466797","0.6480236053466797","0.6480236053466797"
"2322","1783","1783","1783","0.6835159659385681","0.6835159659385681","0.6835159659385681"
"2323","1785","1785","1785","0.6704003810882568","0.6704003810882568","0.6704003810882568"
"2324","1787","1787","1787","0.6510590314865112","0.6510590314865112","0.6510590314865112"
"2325","1789","1789","1789","0.6714640259742737","0.6714640259742737","0.6714640259742737"
"2326","1791","1791","1791","0.6361569166183472","0.6361569166183472","0.6361569166183472"
"2327","1793","1793","1793","0.6435750126838684","0.6435750126838684","0.6435750126838684"
"2328","1795","1795","1795","0.6382668018341064","0.6382668018341064","0.6382668018341064"
"2329","1797","1797","1797","0.6669125556945801","0.6669125556945801","0.6669125556945801"
"2330","1799","1799","1799","0.630495011806488","0.630495011806488","0.630495011806488"
"2331","1801","1801","1801","0.6658955812454224","0.6658955812454224","0.6658955812454224"
"2332","1803","1803","1803","0.6546164751052856","0.6546164751052856","0.6546164751052856"
"2333","1805","1805","1805","0.6752204298973083","0.6752204298973083","0.6752204298973083"
"2334","1807","1807","1807","0.6935290098190308","0.6935290098190308","0.6935290098190308"
"2335","1809","1809","1809","0.6338882446289062","0.6338882446289062","0.6338882446289062"
"2336","1811","1811","1811","0.6257666945457458","0.6257666945457458","0.6257666945457458"
"2337","1813","1813","1813","0.6658535003662109","0.6658535003662109","0.6658535003662109"
"2338","1815","1815","1815","0.6448987722396851","0.6448987722396851","0.6448987722396851"
"2339","1817","1817","1817","0.6604577898979187","0.6604577898979187","0.6604577898979187"
"2340","1819","1819","1819","0.6487295627593994","0.6487295627593994","0.6487295627593994"
"2341","1821","1821","1821","0.6502442955970764","0.6502442955970764","0.6502442955970764"
"2342","1823","1823","1823","0.7020664811134338","0.7020664811134338","0.7020664811134338"
"2343","1825","1825","1825","0.6593987345695496","0.6593987345695496","0.6593987345695496"
"2344","1827","1827","1827","0.649623692035675","0.649623692035675","0.649623692035675"
"2345","1829","1829","1829","0.6431920528411865","0.6431920528411865","0.6431920528411865"
"2346","1831","1831","1831","0.7250422239303589","0.7250422239303589","0.7250422239303589"
"2347","1833","1833","1833","0.6755819916725159","0.6755819916725159","0.6755819916725159"
"2348","1835","1835","1835","0.673822283744812","0.673822283744812","0.673822283744812"
"2349","1837","1837","1837","0.620693027973175","0.620693027973175","0.620693027973175"
"2350","1839","1839","1839","0.6125203371047974","0.6125203371047974","0.6125203371047974"
"2351","1841","1841","1841","0.6320491433143616","0.6320491433143616","0.6320491433143616"
"2352","1843","1843","1843","0.6764083504676819","0.6764083504676819","0.6764083504676819"
"2353","1845","1845","1845","0.6485116481781006","0.6485116481781006","0.6485116481781006"
"2354","1847","1847","1847","0.622340202331543","0.622340202331543","0.622340202331543"
"2355","1849","1849","1849","0.6584331393241882","0.6584331393241882","0.6584331393241882"
"2356","1851","1851","1851","0.6187880635261536","0.6187880635261536","0.6187880635261536"
"2357","1853","1853","1853","0.6529408097267151","0.6529408097267151","0.6529408097267151"
"2358","1855","1855","1855","0.622281551361084","0.622281551361084","0.622281551361084"
"2359","1857","1857","1857","0.7186193466186523","0.7186193466186523","0.7186193466186523"
"2360","1859","1859","1859","0.6152114868164062","0.6152114868164062","0.6152114868164062"