"total_tokens","_step","_step__MIN","_step__MAX","val_loss_1","val_loss_1__MIN","val_loss_1__MAX","val_loss_2","val_loss_2__MIN","val_loss_2__MAX","val_loss_4","val_loss_4__MIN","val_loss_4__MAX","val_loss_8","val_loss_8__MIN","val_loss_8__MAX","val_loss_16","val_loss_16__MIN","val_loss_16__MAX"
"8388608","31","31","31","9.215763092041016","9.215763092041016","9.215763092041016","8.585659980773926","8.585659980773926","8.585659980773926","8.36126708984375","8.36126708984375","8.36126708984375","8.30584716796875","8.30584716796875","8.30584716796875","8.307520866394043","8.307520866394043","8.307520866394043"
"16777216","63","63","63","6.855336666107178","6.855336666107178","6.855336666107178","6.657233238220215","6.657233238220215","6.657233238220215","6.563464164733887","6.563464164733887","6.563464164733887","6.547102928161621","6.547102928161621","6.547102928161621","6.546771049499512","6.546771049499512","6.546771049499512"
"25165824","95","95","95","6.349758148193359","6.349758148193359","6.349758148193359","6.002297401428223","6.002297401428223","6.002297401428223","5.860225677490234","5.860225677490234","5.860225677490234","5.842913627624512","5.842913627624512","5.842913627624512","5.84304141998291","5.84304141998291","5.84304141998291"
"33554432","127","127","127","5.935423374176025","5.935423374176025","5.935423374176025","5.592358112335205","5.592358112335205","5.592358112335205","5.485891819000244","5.485891819000244","5.485891819000244","5.479511737823486","5.479511737823486","5.479511737823486","5.47967529296875","5.47967529296875","5.47967529296875"
"41943040","159","159","159","5.669752597808838","5.669752597808838","5.669752597808838","5.299563407897949","5.299563407897949","5.299563407897949","5.21834659576416","5.21834659576416","5.21834659576416","5.214998245239258","5.214998245239258","5.214998245239258","5.214944362640381","5.214944362640381","5.214944362640381"
"50331648","191","191","191","5.397881507873535","5.397881507873535","5.397881507873535","5.061275005340576","5.061275005340576","5.061275005340576","4.997525691986084","4.997525691986084","4.997525691986084","4.9959282875061035","4.9959282875061035","4.9959282875061035","4.995765686035156","4.995765686035156","4.995765686035156"
"58720256","223","223","223","5.245666980743408","5.245666980743408","5.245666980743408","4.906274318695068","4.906274318695068","4.906274318695068","4.8455729484558105","4.8455729484558105","4.8455729484558105","4.843316078186035","4.843316078186035","4.843316078186035","4.843218803405762","4.843218803405762","4.843218803405762"
"67108864","255","255","255","5.099137783050537","5.099137783050537","5.099137783050537","4.770725727081299","4.770725727081299","4.770725727081299","4.711164474487305","4.711164474487305","4.711164474487305","4.7087225914001465","4.7087225914001465","4.7087225914001465","4.70877742767334","4.70877742767334","4.70877742767334"
"75497472","287","287","287","4.970824241638184","4.970824241638184","4.970824241638184","4.652247905731201","4.652247905731201","4.652247905731201","4.595053672790527","4.595053672790527","4.595053672790527","4.592573165893555","4.592573165893555","4.592573165893555","4.592499256134033","4.592499256134033","4.592499256134033"
"83886080","319","319","319","4.8949737548828125","4.8949737548828125","4.8949737548828125","4.548501014709473","4.548501014709473","4.548501014709473","4.489349842071533","4.489349842071533","4.489349842071533","4.4870476722717285","4.4870476722717285","4.4870476722717285","4.4870476722717285","4.4870476722717285","4.4870476722717285"
"92274688","351","351","351","4.8028764724731445","4.8028764724731445","4.8028764724731445","4.470082759857178","4.470082759857178","4.470082759857178","4.4072585105896","4.4072585105896","4.4072585105896","4.40311861038208","4.40311861038208","4.40311861038208","4.403140544891357","4.403140544891357","4.403140544891357"
"100663296","383","383","383","4.70448637008667","4.70448637008667","4.70448637008667","4.363626003265381","4.363626003265381","4.363626003265381","4.296881675720215","4.296881675720215","4.296881675720215","4.29265022277832","4.29265022277832","4.29265022277832","4.292764186859131","4.292764186859131","4.292764186859131"
"109051904","415","415","415","4.623074531555176","4.623074531555176","4.623074531555176","4.261451721191406","4.261451721191406","4.261451721191406","4.1887526512146","4.1887526512146","4.1887526512146","4.184401035308838","4.184401035308838","4.184401035308838","4.184505939483643","4.184505939483643","4.184505939483643"
"117440512","447","447","447","4.5430145263671875","4.5430145263671875","4.5430145263671875","4.178121566772461","4.178121566772461","4.178121566772461","4.100987434387207","4.100987434387207","4.100987434387207","4.096580982208252","4.096580982208252","4.096580982208252","4.0965399742126465","4.0965399742126465","4.0965399742126465"
"125829120","479","479","479","4.459689140319824","4.459689140319824","4.459689140319824","4.097114086151123","4.097114086151123","4.097114086151123","4.019709587097168","4.019709587097168","4.019709587097168","4.014987468719482","4.014987468719482","4.014987468719482","4.01517391204834","4.01517391204834","4.01517391204834"
"134217728","511","511","511","4.369383335113525","4.369383335113525","4.369383335113525","4.02997350692749","4.02997350692749","4.02997350692749","3.956712484359741","3.956712484359741","3.956712484359741","3.9515655040740967","3.9515655040740967","3.9515655040740967","3.951436758041382","3.951436758041382","3.951436758041382"
"142606336","543","543","543","4.299649715423584","4.299649715423584","4.299649715423584","3.9697675704956055","3.9697675704956055","3.9697675704956055","3.8947770595550537","3.8947770595550537","3.8947770595550537","3.889399290084839","3.889399290084839","3.889399290084839","3.889268159866333","3.889268159866333","3.889268159866333"
"150994944","575","575","575","4.264369964599609","4.264369964599609","4.264369964599609","3.9355781078338623","3.9355781078338623","3.9355781078338623","3.8606953620910645","3.8606953620910645","3.8606953620910645","3.8556339740753174","3.8556339740753174","3.8556339740753174","3.855581045150757","3.855581045150757","3.855581045150757"
"159383552","607","607","607","4.231137752532959","4.231137752532959","4.231137752532959","3.895854949951172","3.895854949951172","3.895854949951172","3.819106340408325","3.819106340408325","3.819106340408325","3.8133883476257324","3.8133883476257324","3.8133883476257324","3.813317060470581","3.813317060470581","3.813317060470581"
"167772160","639","639","639","4.174708843231201","4.174708843231201","4.174708843231201","3.849815845489502","3.849815845489502","3.849815845489502","3.7797679901123047","3.7797679901123047","3.7797679901123047","3.773845672607422","3.773845672607422","3.773845672607422","3.7738349437713623","3.7738349437713623","3.7738349437713623"
"176160768","671","671","671","4.157065391540527","4.157065391540527","4.157065391540527","3.824115514755249","3.824115514755249","3.824115514755249","3.750704765319824","3.750704765319824","3.750704765319824","3.745736837387085","3.745736837387085","3.745736837387085","3.7456881999969482","3.7456881999969482","3.7456881999969482"
"184549376","703","703","703","4.116626262664795","4.116626262664795","4.116626262664795","3.7955546379089355","3.7955546379089355","3.7955546379089355","3.7214038372039795","3.7214038372039795","3.7214038372039795","3.715848922729492","3.715848922729492","3.715848922729492","3.7157843112945557","3.7157843112945557","3.7157843112945557"
"192937984","735","735","735","4.079549312591553","4.079549312591553","4.079549312591553","3.7600932121276855","3.7600932121276855","3.7600932121276855","3.6877517700195312","3.6877517700195312","3.6877517700195312","3.6821048259735107","3.6821048259735107","3.6821048259735107","3.682063579559326","3.682063579559326","3.682063579559326"
"201326592","767","767","767","4.043145179748535","4.043145179748535","4.043145179748535","3.736884117126465","3.736884117126465","3.736884117126465","3.6666417121887207","3.6666417121887207","3.6666417121887207","3.661660671234131","3.661660671234131","3.661660671234131","3.661597728729248","3.661597728729248","3.661597728729248"
"209715200","799","799","799","4.015800476074219","4.015800476074219","4.015800476074219","3.711071491241455","3.711071491241455","3.711071491241455","3.63848614692688","3.63848614692688","3.63848614692688","3.6325013637542725","3.6325013637542725","3.6325013637542725","3.6323208808898926","3.6323208808898926","3.6323208808898926"
"218103808","831","831","831","4.018124103546143","4.018124103546143","4.018124103546143","3.695690870285034","3.695690870285034","3.695690870285034","3.6235270500183105","3.6235270500183105","3.6235270500183105","3.6165952682495117","3.6165952682495117","3.6165952682495117","3.616483688354492","3.616483688354492","3.616483688354492"
"226492416","863","863","863","3.9854180812835693","3.9854180812835693","3.9854180812835693","3.671013116836548","3.671013116836548","3.671013116836548","3.6010098457336426","3.6010098457336426","3.6010098457336426","3.5955021381378174","3.5955021381378174","3.5955021381378174","3.5953025817871094","3.5953025817871094","3.5953025817871094"
"234881024","895","895","895","3.952570915222168","3.952570915222168","3.952570915222168","3.645348310470581","3.645348310470581","3.645348310470581","3.575425148010254","3.575425148010254","3.575425148010254","3.5692367553710938","3.5692367553710938","3.5692367553710938","3.5691018104553223","3.5691018104553223","3.5691018104553223"
"243269632","927","927","927","3.939913034439087","3.939913034439087","3.939913034439087","3.6339123249053955","3.6339123249053955","3.6339123249053955","3.5647783279418945","3.5647783279418945","3.5647783279418945","3.5581846237182617","3.5581846237182617","3.5581846237182617","3.5580461025238037","3.5580461025238037","3.5580461025238037"
"251658240","959","959","959","3.9084248542785645","3.9084248542785645","3.9084248542785645","3.6152501106262207","3.6152501106262207","3.6152501106262207","3.5467164516448975","3.5467164516448975","3.5467164516448975","3.5405988693237305","3.5405988693237305","3.5405988693237305","3.5406391620635986","3.5406391620635986","3.5406391620635986"
"260046848","991","991","991","3.9015746116638184","3.9015746116638184","3.9015746116638184","3.6012911796569824","3.6012911796569824","3.6012911796569824","3.533081531524658","3.533081531524658","3.533081531524658","3.5272161960601807","3.5272161960601807","3.5272161960601807","3.527233123779297","3.527233123779297","3.527233123779297"
"268435456","1023","1023","1023","3.8754124641418457","3.8754124641418457","3.8754124641418457","3.5845766067504883","3.5845766067504883","3.5845766067504883","3.5163087844848633","3.5163087844848633","3.5163087844848633","3.5099992752075195","3.5099992752075195","3.5099992752075195","3.5098648071289062","3.5098648071289062","3.5098648071289062"
"276824064","1055","1055","1055","3.8471553325653076","3.8471553325653076","3.8471553325653076","3.568695068359375","3.568695068359375","3.568695068359375","3.5015788078308105","3.5015788078308105","3.5015788078308105","3.4950008392333984","3.4950008392333984","3.4950008392333984","3.49495530128479","3.49495530128479","3.49495530128479"
"285212672","1087","1087","1087","3.846971035003662","3.846971035003662","3.846971035003662","3.555202007293701","3.555202007293701","3.555202007293701","3.484470844268799","3.484470844268799","3.484470844268799","3.478536367416382","3.478536367416382","3.478536367416382","3.4785380363464355","3.4785380363464355","3.4785380363464355"
"293601280","1119","1119","1119","3.834263563156128","3.834263563156128","3.834263563156128","3.5419552326202393","3.5419552326202393","3.5419552326202393","3.474400758743286","3.474400758743286","3.474400758743286","3.4684765338897705","3.4684765338897705","3.4684765338897705","3.4682371616363525","3.4682371616363525","3.4682371616363525"
"301989888","1151","1151","1151","3.8286187648773193","3.8286187648773193","3.8286187648773193","3.5319607257843018","3.5319607257843018","3.5319607257843018","3.4621660709381104","3.4621660709381104","3.4621660709381104","3.456345558166504","3.456345558166504","3.456345558166504","3.4564647674560547","3.4564647674560547","3.4564647674560547"
"310378496","1183","1183","1183","3.814270496368408","3.814270496368408","3.814270496368408","3.525712728500366","3.525712728500366","3.525712728500366","3.457331418991089","3.457331418991089","3.457331418991089","3.451176404953003","3.451176404953003","3.451176404953003","3.450939655303955","3.450939655303955","3.450939655303955"
"318767104","1215","1215","1215","3.793788433074951","3.793788433074951","3.793788433074951","3.509228467941284","3.509228467941284","3.509228467941284","3.4430651664733887","3.4430651664733887","3.4430651664733887","3.4372060298919678","3.4372060298919678","3.4372060298919678","3.4373016357421875","3.4373016357421875","3.4373016357421875"
"327155712","1247","1247","1247","3.7808473110198975","3.7808473110198975","3.7808473110198975","3.5002739429473877","3.5002739429473877","3.5002739429473877","3.434169292449951","3.434169292449951","3.434169292449951","3.4280126094818115","3.4280126094818115","3.4280126094818115","3.427946090698242","3.427946090698242","3.427946090698242"
"335544320","1279","1279","1279","3.7630627155303955","3.7630627155303955","3.7630627155303955","3.4882049560546875","3.4882049560546875","3.4882049560546875","3.4209747314453125","3.4209747314453125","3.4209747314453125","3.4149513244628906","3.4149513244628906","3.4149513244628906","3.414952039718628","3.414952039718628","3.414952039718628"
"343932928","1311","1311","1311","3.7534773349761963","3.7534773349761963","3.7534773349761963","3.479154586791992","3.479154586791992","3.479154586791992","3.4134349822998047","3.4134349822998047","3.4134349822998047","3.407440423965454","3.407440423965454","3.407440423965454","3.407363176345825","3.407363176345825","3.407363176345825"
"352321536","1343","1343","1343","3.743234872817993","3.743234872817993","3.743234872817993","3.4725236892700195","3.4725236892700195","3.4725236892700195","3.4041433334350586","3.4041433334350586","3.4041433334350586","3.398221015930176","3.398221015930176","3.398221015930176","3.3979508876800537","3.3979508876800537","3.3979508876800537"
"360710144","1375","1375","1375","3.74409818649292","3.74409818649292","3.74409818649292","3.4620988368988037","3.4620988368988037","3.4620988368988037","3.396106481552124","3.396106481552124","3.396106481552124","3.3906805515289307","3.3906805515289307","3.3906805515289307","3.3906335830688477","3.3906335830688477","3.3906335830688477"
"369098752","1407","1407","1407","3.7258498668670654","3.7258498668670654","3.7258498668670654","3.450693368911743","3.450693368911743","3.450693368911743","3.3842711448669434","3.3842711448669434","3.3842711448669434","3.3779172897338867","3.3779172897338867","3.3779172897338867","3.377744674682617","3.377744674682617","3.377744674682617"
"377487360","1439","1439","1439","3.716858386993408","3.716858386993408","3.716858386993408","3.444463014602661","3.444463014602661","3.444463014602661","3.380859851837158","3.380859851837158","3.380859851837158","3.374394655227661","3.374394655227661","3.374394655227661","3.3743703365325928","3.3743703365325928","3.3743703365325928"
"385875968","1471","1471","1471","3.7110095024108887","3.7110095024108887","3.7110095024108887","3.438876152038574","3.438876152038574","3.438876152038574","3.3727855682373047","3.3727855682373047","3.3727855682373047","3.366417169570923","3.366417169570923","3.366417169570923","3.3662047386169434","3.3662047386169434","3.3662047386169434"
"394264576","1503","1503","1503","3.7128241062164307","3.7128241062164307","3.7128241062164307","3.434800148010254","3.434800148010254","3.434800148010254","3.366593599319458","3.366593599319458","3.366593599319458","3.3596949577331543","3.3596949577331543","3.3596949577331543","3.359696626663208","3.359696626663208","3.359696626663208"
"402653184","1535","1535","1535","3.700533866882324","3.700533866882324","3.700533866882324","3.4324913024902344","3.4324913024902344","3.4324913024902344","3.3649096488952637","3.3649096488952637","3.3649096488952637","3.3583598136901855","3.3583598136901855","3.3583598136901855","3.3583269119262695","3.3583269119262695","3.3583269119262695"
"411041792","1567","1567","1567","3.697951555252075","3.697951555252075","3.697951555252075","3.428584575653076","3.428584575653076","3.428584575653076","3.362551212310791","3.362551212310791","3.362551212310791","3.356194496154785","3.356194496154785","3.356194496154785","3.355949640274048","3.355949640274048","3.355949640274048"
"419430400","1599","1599","1599","3.691182851791382","3.691182851791382","3.691182851791382","3.4209725856781006","3.4209725856781006","3.4209725856781006","3.3572137355804443","3.3572137355804443","3.3572137355804443","3.350473165512085","3.350473165512085","3.350473165512085","3.350356340408325","3.350356340408325","3.350356340408325"
"427819008","1631","1631","1631","3.668893337249756","3.668893337249756","3.668893337249756","3.4090099334716797","3.4090099334716797","3.4090099334716797","3.344102382659912","3.344102382659912","3.344102382659912","3.337502956390381","3.337502956390381","3.337502956390381","3.337460517883301","3.337460517883301","3.337460517883301"
"436207616","1663","1663","1663","3.653811454772949","3.653811454772949","3.653811454772949","3.3967034816741943","3.3967034816741943","3.3967034816741943","3.3336143493652344","3.3336143493652344","3.3336143493652344","3.3270103931427","3.3270103931427","3.3270103931427","3.326934337615967","3.326934337615967","3.326934337615967"
"444596224","1695","1695","1695","3.658270835876465","3.658270835876465","3.658270835876465","3.3949155807495117","3.3949155807495117","3.3949155807495117","3.3285322189331055","3.3285322189331055","3.3285322189331055","3.3222265243530273","3.3222265243530273","3.3222265243530273","3.3219425678253174","3.3219425678253174","3.3219425678253174"
"452984832","1727","1727","1727","3.653696298599243","3.653696298599243","3.653696298599243","3.387439489364624","3.387439489364624","3.387439489364624","3.323007345199585","3.323007345199585","3.323007345199585","3.3160455226898193","3.3160455226898193","3.3160455226898193","3.3158481121063232","3.3158481121063232","3.3158481121063232"
"461373440","1759","1759","1759","3.638209819793701","3.638209819793701","3.638209819793701","3.381021738052368","3.381021738052368","3.381021738052368","3.316648483276367","3.316648483276367","3.316648483276367","3.310201406478882","3.310201406478882","3.310201406478882","3.3101561069488525","3.3101561069488525","3.3101561069488525"
"469762048","1791","1791","1791","3.639240026473999","3.639240026473999","3.639240026473999","3.380479097366333","3.380479097366333","3.380479097366333","3.3134350776672363","3.3134350776672363","3.3134350776672363","3.30694580078125","3.30694580078125","3.30694580078125","3.3069567680358887","3.3069567680358887","3.3069567680358887"
"478150656","1823","1823","1823","3.6311798095703125","3.6311798095703125","3.6311798095703125","3.3758277893066406","3.3758277893066406","3.3758277893066406","3.310842752456665","3.310842752456665","3.310842752456665","3.303617477416992","3.303617477416992","3.303617477416992","3.303463935852051","3.303463935852051","3.303463935852051"
"486539264","1855","1855","1855","3.621690034866333","3.621690034866333","3.621690034866333","3.372195243835449","3.372195243835449","3.372195243835449","3.307645559310913","3.307645559310913","3.307645559310913","3.301839590072632","3.301839590072632","3.301839590072632","3.3017418384552","3.3017418384552","3.3017418384552"
"494927872","1887","1887","1887","3.607590913772583","3.607590913772583","3.607590913772583","3.3605871200561523","3.3605871200561523","3.3605871200561523","3.2924909591674805","3.2924909591674805","3.2924909591674805","3.2860240936279297","3.2860240936279297","3.2860240936279297","3.285846710205078","3.285846710205078","3.285846710205078"
"503316480","1919","1919","1919","3.6047401428222656","3.6047401428222656","3.6047401428222656","3.352389097213745","3.352389097213745","3.352389097213745","3.289276599884033","3.289276599884033","3.289276599884033","3.28299880027771","3.28299880027771","3.28299880027771","3.2826945781707764","3.2826945781707764","3.2826945781707764"
"511705088","1951","1951","1951","3.6000969409942627","3.6000969409942627","3.6000969409942627","3.348810911178589","3.348810911178589","3.348810911178589","3.284295082092285","3.284295082092285","3.284295082092285","3.277454137802124","3.277454137802124","3.277454137802124","3.2772316932678223","3.2772316932678223","3.2772316932678223"
"520093696","1983","1983","1983","3.591878890991211","3.591878890991211","3.591878890991211","3.3367466926574707","3.3367466926574707","3.3367466926574707","3.274782657623291","3.274782657623291","3.274782657623291","3.268455743789673","3.268455743789673","3.268455743789673","3.2682247161865234","3.2682247161865234","3.2682247161865234"
"528482304","2015","2015","2015","3.595614433288574","3.595614433288574","3.595614433288574","3.340096950531006","3.340096950531006","3.340096950531006","3.2761926651000977","3.2761926651000977","3.2761926651000977","3.269195556640625","3.269195556640625","3.269195556640625","3.2691404819488525","3.2691404819488525","3.2691404819488525"
"536870912","2047","2047","2047","3.5867085456848145","3.5867085456848145","3.5867085456848145","3.3334691524505615","3.3334691524505615","3.3334691524505615","3.267841100692749","3.267841100692749","3.267841100692749","3.2617077827453613","3.2617077827453613","3.2617077827453613","3.2614593505859375","3.2614593505859375","3.2614593505859375"
"545259520","2079","2079","2079","3.5805294513702393","3.5805294513702393","3.5805294513702393","3.3256683349609375","3.3256683349609375","3.3256683349609375","3.2603118419647217","3.2603118419647217","3.2603118419647217","3.253937244415283","3.253937244415283","3.253937244415283","3.253640651702881","3.253640651702881","3.253640651702881"
"553648128","2111","2111","2111","3.5760183334350586","3.5760183334350586","3.5760183334350586","3.3244078159332275","3.3244078159332275","3.3244078159332275","3.258805990219116","3.258805990219116","3.258805990219116","3.2531511783599854","3.2531511783599854","3.2531511783599854","3.253082513809204","3.253082513809204","3.253082513809204"
"562036736","2143","2143","2143","3.567044973373413","3.567044973373413","3.567044973373413","3.313479423522949","3.313479423522949","3.313479423522949","3.250030517578125","3.250030517578125","3.250030517578125","3.2442843914031982","3.2442843914031982","3.2442843914031982","3.2442545890808105","3.2442545890808105","3.2442545890808105"
"570425344","2175","2175","2175","3.570451498031616","3.570451498031616","3.570451498031616","3.3149960041046143","3.3149960041046143","3.3149960041046143","3.2493691444396973","3.2493691444396973","3.2493691444396973","3.2432191371917725","3.2432191371917725","3.2432191371917725","3.242971658706665","3.242971658706665","3.242971658706665"
"578813952","2207","2207","2207","3.568268060684204","3.568268060684204","3.568268060684204","3.3098368644714355","3.3098368644714355","3.3098368644714355","3.2425694465637207","3.2425694465637207","3.2425694465637207","3.2365520000457764","3.2365520000457764","3.2365520000457764","3.236403703689575","3.236403703689575","3.236403703689575"
"587202560","2239","2239","2239","3.5647201538085938","3.5647201538085938","3.5647201538085938","3.297966957092285","3.297966957092285","3.297966957092285","3.23374342918396","3.23374342918396","3.23374342918396","3.2271909713745117","3.2271909713745117","3.2271909713745117","3.2271077632904053","3.2271077632904053","3.2271077632904053"
"595591168","2271","2271","2271","3.56060528755188","3.56060528755188","3.56060528755188","3.3010783195495605","3.3010783195495605","3.3010783195495605","3.234461545944214","3.234461545944214","3.234461545944214","3.2281768321990967","3.2281768321990967","3.2281768321990967","3.228158473968506","3.228158473968506","3.228158473968506"
"603979776","2303","2303","2303","3.5583882331848145","3.5583882331848145","3.5583882331848145","3.2980129718780518","3.2980129718780518","3.2980129718780518","3.2324135303497314","3.2324135303497314","3.2324135303497314","3.2261314392089844","3.2261314392089844","3.2261314392089844","3.2259674072265625","3.2259674072265625","3.2259674072265625"
"612368384","2335","2335","2335","3.5474939346313477","3.5474939346313477","3.5474939346313477","3.2887017726898193","3.2887017726898193","3.2887017726898193","3.2198126316070557","3.2198126316070557","3.2198126316070557","3.2138030529022217","3.2138030529022217","3.2138030529022217","3.213615894317627","3.213615894317627","3.213615894317627"
"620756992","2367","2367","2367","3.551274061203003","3.551274061203003","3.551274061203003","3.2871696949005127","3.2871696949005127","3.2871696949005127","3.2207415103912354","3.2207415103912354","3.2207415103912354","3.2150259017944336","3.2150259017944336","3.2150259017944336","3.2150073051452637","3.2150073051452637","3.2150073051452637"
"629145600","2399","2399","2399","3.5397770404815674","3.5397770404815674","3.5397770404815674","3.286647319793701","3.286647319793701","3.286647319793701","3.221588134765625","3.221588134765625","3.221588134765625","3.21502423286438","3.21502423286438","3.21502423286438","3.2149791717529297","3.2149791717529297","3.2149791717529297"
"637534208","2431","2431","2431","3.5327813625335693","3.5327813625335693","3.5327813625335693","3.277014970779419","3.277014970779419","3.277014970779419","3.210848093032837","3.210848093032837","3.210848093032837","3.20519757270813","3.20519757270813","3.20519757270813","3.2051098346710205","3.2051098346710205","3.2051098346710205"
"645922816","2463","2463","2463","3.531395196914673","3.531395196914673","3.531395196914673","3.2755699157714844","3.2755699157714844","3.2755699157714844","3.210313558578491","3.210313558578491","3.210313558578491","3.2053050994873047","3.2053050994873047","3.2053050994873047","3.205408811569214","3.205408811569214","3.205408811569214"
"654311424","2495","2495","2495","3.5382537841796875","3.5382537841796875","3.5382537841796875","3.2768547534942627","3.2768547534942627","3.2768547534942627","3.2093772888183594","3.2093772888183594","3.2093772888183594","3.202450752258301","3.202450752258301","3.202450752258301","3.2022743225097656","3.2022743225097656","3.2022743225097656"
"662700032","2527","2527","2527","3.529561996459961","3.529561996459961","3.529561996459961","3.268091917037964","3.268091917037964","3.268091917037964","3.1994097232818604","3.1994097232818604","3.1994097232818604","3.1931238174438477","3.1931238174438477","3.1931238174438477","3.192966938018799","3.192966938018799","3.192966938018799"
"671088640","2559","2559","2559","3.527604341506958","3.527604341506958","3.527604341506958","3.268010139465332","3.268010139465332","3.268010139465332","3.201782464981079","3.201782464981079","3.201782464981079","3.195542573928833","3.195542573928833","3.195542573928833","3.195448637008667","3.195448637008667","3.195448637008667"
"679477248","2591","2591","2591","3.5243687629699707","3.5243687629699707","3.5243687629699707","3.267768383026123","3.267768383026123","3.267768383026123","3.2014122009277344","3.2014122009277344","3.2014122009277344","3.1953964233398438","3.1953964233398438","3.1953964233398438","3.1951637268066406","3.1951637268066406","3.1951637268066406"
"687865856","2623","2623","2623","3.5238664150238037","3.5238664150238037","3.5238664150238037","3.266526699066162","3.266526699066162","3.266526699066162","3.200754404067993","3.200754404067993","3.200754404067993","3.19435977935791","3.19435977935791","3.19435977935791","3.1943135261535645","3.1943135261535645","3.1943135261535645"
"696254464","2655","2655","2655","3.5246310234069824","3.5246310234069824","3.5246310234069824","3.2629077434539795","3.2629077434539795","3.2629077434539795","3.196349620819092","3.196349620819092","3.196349620819092","3.189927339553833","3.189927339553833","3.189927339553833","3.189866304397583","3.189866304397583","3.189866304397583"
"704643072","2687","2687","2687","3.5202324390411377","3.5202324390411377","3.5202324390411377","3.256085157394409","3.256085157394409","3.256085157394409","3.189958333969116","3.189958333969116","3.189958333969116","3.1837520599365234","3.1837520599365234","3.1837520599365234","3.183246612548828","3.183246612548828","3.183246612548828"
"713031680","2719","2719","2719","3.5121989250183105","3.5121989250183105","3.5121989250183105","3.2537388801574707","3.2537388801574707","3.2537388801574707","3.1860766410827637","3.1860766410827637","3.1860766410827637","3.179785966873169","3.179785966873169","3.179785966873169","3.179826021194458","3.179826021194458","3.179826021194458"
"721420288","2751","2751","2751","3.5038726329803467","3.5038726329803467","3.5038726329803467","3.2488670349121094","3.2488670349121094","3.2488670349121094","3.1820383071899414","3.1820383071899414","3.1820383071899414","3.1759562492370605","3.1759562492370605","3.1759562492370605","3.1758174896240234","3.1758174896240234","3.1758174896240234"
"729808896","2783","2783","2783","3.5128467082977295","3.5128467082977295","3.5128467082977295","3.249807119369507","3.249807119369507","3.249807119369507","3.1820695400238037","3.1820695400238037","3.1820695400238037","3.1756041049957275","3.1756041049957275","3.1756041049957275","3.175612211227417","3.175612211227417","3.175612211227417"
"738197504","2815","2815","2815","3.49751615524292","3.49751615524292","3.49751615524292","3.2390263080596924","3.2390263080596924","3.2390263080596924","3.172024726867676","3.172024726867676","3.172024726867676","3.166107654571533","3.166107654571533","3.166107654571533","3.1658108234405518","3.1658108234405518","3.1658108234405518"
"746586112","2847","2847","2847","3.5040462017059326","3.5040462017059326","3.5040462017059326","3.2409489154815674","3.2409489154815674","3.2409489154815674","3.172318458557129","3.172318458557129","3.172318458557129","3.166053295135498","3.166053295135498","3.166053295135498","3.165911912918091","3.165911912918091","3.165911912918091"
"754974720","2879","2879","2879","3.489778757095337","3.489778757095337","3.489778757095337","3.232741594314575","3.232741594314575","3.232741594314575","3.165654182434082","3.165654182434082","3.165654182434082","3.159421920776367","3.159421920776367","3.159421920776367","3.1594440937042236","3.1594440937042236","3.1594440937042236"
"763363328","2911","2911","2911","3.4867961406707764","3.4867961406707764","3.4867961406707764","3.230889320373535","3.230889320373535","3.230889320373535","3.165411949157715","3.165411949157715","3.165411949157715","3.1586828231811523","3.1586828231811523","3.1586828231811523","3.158644437789917","3.158644437789917","3.158644437789917"
"771751936","2943","2943","2943","3.487455368041992","3.487455368041992","3.487455368041992","3.232516050338745","3.232516050338745","3.232516050338745","3.1661524772644043","3.1661524772644043","3.1661524772644043","3.15942120552063","3.15942120552063","3.15942120552063","3.1593310832977295","3.1593310832977295","3.1593310832977295"
"780140544","2975","2975","2975","3.4777333736419678","3.4777333736419678","3.4777333736419678","3.2263762950897217","3.2263762950897217","3.2263762950897217","3.158140182495117","3.158140182495117","3.158140182495117","3.1519436836242676","3.1519436836242676","3.1519436836242676","3.151686906814575","3.151686906814575","3.151686906814575"
"788529152","3007","3007","3007","3.479094982147217","3.479094982147217","3.479094982147217","3.222032308578491","3.222032308578491","3.222032308578491","3.154736042022705","3.154736042022705","3.154736042022705","3.147845506668091","3.147845506668091","3.147845506668091","3.1477456092834473","3.1477456092834473","3.1477456092834473"
"796917760","3039","3039","3039","3.474673271179199","3.474673271179199","3.474673271179199","3.218201160430908","3.218201160430908","3.218201160430908","3.152020215988159","3.152020215988159","3.152020215988159","3.14538311958313","3.14538311958313","3.14538311958313","3.145266056060791","3.145266056060791","3.145266056060791"
"805306368","3071","3071","3071","3.475541830062866","3.475541830062866","3.475541830062866","3.2204864025115967","3.2204864025115967","3.2204864025115967","3.1557061672210693","3.1557061672210693","3.1557061672210693","3.148890256881714","3.148890256881714","3.148890256881714","3.148547410964966","3.148547410964966","3.148547410964966"
"813694976","3103","3103","3103","3.4726381301879883","3.4726381301879883","3.4726381301879883","3.2173781394958496","3.2173781394958496","3.2173781394958496","3.150681734085083","3.150681734085083","3.150681734085083","3.1443471908569336","3.1443471908569336","3.1443471908569336","3.144090414047241","3.144090414047241","3.144090414047241"
"822083584","3135","3135","3135","3.465862989425659","3.465862989425659","3.465862989425659","3.210810422897339","3.210810422897339","3.210810422897339","3.1436052322387695","3.1436052322387695","3.1436052322387695","3.1376683712005615","3.1376683712005615","3.1376683712005615","3.1376802921295166","3.1376802921295166","3.1376802921295166"
"830472192","3167","3167","3167","3.464308500289917","3.464308500289917","3.464308500289917","3.2087621688842773","3.2087621688842773","3.2087621688842773","3.1414124965667725","3.1414124965667725","3.1414124965667725","3.134823799133301","3.134823799133301","3.134823799133301","3.134751558303833","3.134751558303833","3.134751558303833"
"838860800","3199","3199","3199","3.463465690612793","3.463465690612793","3.463465690612793","3.2079522609710693","3.2079522609710693","3.2079522609710693","3.1403863430023193","3.1403863430023193","3.1403863430023193","3.133873224258423","3.133873224258423","3.133873224258423","3.1340954303741455","3.1340954303741455","3.1340954303741455"
"847249408","3231","3231","3231","3.454761505126953","3.454761505126953","3.454761505126953","3.203245162963867","3.203245162963867","3.203245162963867","3.1381781101226807","3.1381781101226807","3.1381781101226807","3.131256103515625","3.131256103515625","3.131256103515625","3.1310794353485107","3.1310794353485107","3.1310794353485107"
"855638016","3263","3263","3263","3.463310480117798","3.463310480117798","3.463310480117798","3.2050228118896484","3.2050228118896484","3.2050228118896484","3.1365280151367188","3.1365280151367188","3.1365280151367188","3.1297824382781982","3.1297824382781982","3.1297824382781982","3.1299703121185303","3.1299703121185303","3.1299703121185303"
"864026624","3295","3295","3295","3.45597505569458","3.45597505569458","3.45597505569458","3.2009541988372803","3.2009541988372803","3.2009541988372803","3.134211301803589","3.134211301803589","3.134211301803589","3.1276233196258545","3.1276233196258545","3.1276233196258545","3.127755641937256","3.127755641937256","3.127755641937256"
"872415232","3327","3327","3327","3.4512767791748047","3.4512767791748047","3.4512767791748047","3.1965160369873047","3.1965160369873047","3.1965160369873047","3.1283199787139893","3.1283199787139893","3.1283199787139893","3.1220250129699707","3.1220250129699707","3.1220250129699707","3.121887445449829","3.121887445449829","3.121887445449829"
"880803840","3359","3359","3359","3.4521777629852295","3.4521777629852295","3.4521777629852295","3.1957483291625977","3.1957483291625977","3.1957483291625977","3.128758430480957","3.128758430480957","3.128758430480957","3.1222872734069824","3.1222872734069824","3.1222872734069824","3.1224565505981445","3.1224565505981445","3.1224565505981445"
"889192448","3391","3391","3391","3.4478981494903564","3.4478981494903564","3.4478981494903564","3.1948559284210205","3.1948559284210205","3.1948559284210205","3.1288349628448486","3.1288349628448486","3.1288349628448486","3.1221683025360107","3.1221683025360107","3.1221683025360107","3.122075080871582","3.122075080871582","3.122075080871582"
"897581056","3423","3423","3423","3.4496452808380127","3.4496452808380127","3.4496452808380127","3.195812940597534","3.195812940597534","3.195812940597534","3.1294374465942383","3.1294374465942383","3.1294374465942383","3.1231329441070557","3.1231329441070557","3.1231329441070557","3.1230180263519287","3.1230180263519287","3.1230180263519287"
"905969664","3455","3455","3455","3.4483838081359863","3.4483838081359863","3.4483838081359863","3.1927859783172607","3.1927859783172607","3.1927859783172607","3.125804901123047","3.125804901123047","3.125804901123047","3.1195483207702637","3.1195483207702637","3.1195483207702637","3.119518756866455","3.119518756866455","3.119518756866455"
"914358272","3487","3487","3487","3.4546072483062744","3.4546072483062744","3.4546072483062744","3.197005033493042","3.197005033493042","3.197005033493042","3.1293656826019287","3.1293656826019287","3.1293656826019287","3.122514247894287","3.122514247894287","3.122514247894287","3.1224396228790283","3.1224396228790283","3.1224396228790283"
"922746880","3519","3519","3519","3.4468090534210205","3.4468090534210205","3.4468090534210205","3.1900181770324707","3.1900181770324707","3.1900181770324707","3.1238691806793213","3.1238691806793213","3.1238691806793213","3.1177022457122803","3.1177022457122803","3.1177022457122803","3.117794990539551","3.117794990539551","3.117794990539551"
"931135488","3551","3551","3551","3.435065507888794","3.435065507888794","3.435065507888794","3.1805474758148193","3.1805474758148193","3.1805474758148193","3.114689350128174","3.114689350128174","3.114689350128174","3.1085922718048096","3.1085922718048096","3.1085922718048096","3.108579635620117","3.108579635620117","3.108579635620117"
"939524096","3583","3583","3583","3.435473918914795","3.435473918914795","3.435473918914795","3.1819863319396973","3.1819863319396973","3.1819863319396973","3.117093324661255","3.117093324661255","3.117093324661255","3.110581636428833","3.110581636428833","3.110581636428833","3.110609769821167","3.110609769821167","3.110609769821167"
"947912704","3615","3615","3615","3.430955648422241","3.430955648422241","3.430955648422241","3.1812572479248047","3.1812572479248047","3.1812572479248047","3.1155059337615967","3.1155059337615967","3.1155059337615967","3.1100800037384033","3.1100800037384033","3.1100800037384033","3.109893798828125","3.109893798828125","3.109893798828125"
"956301312","3647","3647","3647","3.4346296787261963","3.4346296787261963","3.4346296787261963","3.1865735054016113","3.1865735054016113","3.1865735054016113","3.1187164783477783","3.1187164783477783","3.1187164783477783","3.111987352371216","3.111987352371216","3.111987352371216","3.111987829208374","3.111987829208374","3.111987829208374"
"964689920","3679","3679","3679","3.4379310607910156","3.4379310607910156","3.4379310607910156","3.1828808784484863","3.1828808784484863","3.1828808784484863","3.114154100418091","3.114154100418091","3.114154100418091","3.1067516803741455","3.1067516803741455","3.1067516803741455","3.1066806316375732","3.1066806316375732","3.1066806316375732"
"973078528","3711","3711","3711","3.4366514682769775","3.4366514682769775","3.4366514682769775","3.180131673812866","3.180131673812866","3.180131673812866","3.111368417739868","3.111368417739868","3.111368417739868","3.1053719520568848","3.1053719520568848","3.1053719520568848","3.105377435684204","3.105377435684204","3.105377435684204"
"981467136","3743","3743","3743","3.4460103511810303","3.4460103511810303","3.4460103511810303","3.1854045391082764","3.1854045391082764","3.1854045391082764","3.115312337875366","3.115312337875366","3.115312337875366","3.109196186065674","3.109196186065674","3.109196186065674","3.109196662902832","3.109196662902832","3.109196662902832"
"989855744","3775","3775","3775","3.4381139278411865","3.4381139278411865","3.4381139278411865","3.1782777309417725","3.1782777309417725","3.1782777309417725","3.1101760864257812","3.1101760864257812","3.1101760864257812","3.1038970947265625","3.1038970947265625","3.1038970947265625","3.1037099361419678","3.1037099361419678","3.1037099361419678"
"998244352","3807","3807","3807","3.4349608421325684","3.4349608421325684","3.4349608421325684","3.176032543182373","3.176032543182373","3.176032543182373","3.107832670211792","3.107832670211792","3.107832670211792","3.101109266281128","3.101109266281128","3.101109266281128","3.1009156703948975","3.1009156703948975","3.1009156703948975"
"1006632960","3839","3839","3839","3.4194304943084717","3.4194304943084717","3.4194304943084717","3.1632330417633057","3.1632330417633057","3.1632330417633057","3.095055103302002","3.095055103302002","3.095055103302002","3.088592529296875","3.088592529296875","3.088592529296875","3.088383674621582","3.088383674621582","3.088383674621582"
"1015021568","3871","3871","3871","3.4296398162841797","3.4296398162841797","3.4296398162841797","3.174640417098999","3.174640417098999","3.174640417098999","3.1070823669433594","3.1070823669433594","3.1070823669433594","3.1004717350006104","3.1004717350006104","3.1004717350006104","3.100114107131958","3.100114107131958","3.100114107131958"
"1023410176","3903","3903","3903","3.424373149871826","3.424373149871826","3.424373149871826","3.171797513961792","3.171797513961792","3.171797513961792","3.1044082641601562","3.1044082641601562","3.1044082641601562","3.0975778102874756","3.0975778102874756","3.0975778102874756","3.0975143909454346","3.0975143909454346","3.0975143909454346"
"1031798784","3935","3935","3935","3.43157696723938","3.43157696723938","3.43157696723938","3.174565076828003","3.174565076828003","3.174565076828003","3.1045444011688232","3.1045444011688232","3.1045444011688232","3.0980923175811768","3.0980923175811768","3.0980923175811768","3.0981013774871826","3.0981013774871826","3.0981013774871826"
"1040187392","3967","3967","3967","3.427445411682129","3.427445411682129","3.427445411682129","3.1778228282928467","3.1778228282928467","3.1778228282928467","3.10886287689209","3.10886287689209","3.10886287689209","3.102616548538208","3.102616548538208","3.102616548538208","3.102548837661743","3.102548837661743","3.102548837661743"
"1048576000","3999","3999","3999","3.4199090003967285","3.4199090003967285","3.4199090003967285","3.1695306301116943","3.1695306301116943","3.1695306301116943","3.102442502975464","3.102442502975464","3.102442502975464","3.095789670944214","3.095789670944214","3.095789670944214","3.095576763153076","3.095576763153076","3.095576763153076"
"1056964608","4031","4031","4031","3.4139280319213867","3.4139280319213867","3.4139280319213867","3.161668539047241","3.161668539047241","3.161668539047241","3.095417022705078","3.095417022705078","3.095417022705078","3.0881288051605225","3.0881288051605225","3.0881288051605225","3.0879101753234863","3.0879101753234863","3.0879101753234863"
"1065353216","4063","4063","4063","3.416106700897217","3.416106700897217","3.416106700897217","3.159071683883667","3.159071683883667","3.159071683883667","3.0907299518585205","3.0907299518585205","3.0907299518585205","3.0837221145629883","3.0837221145629883","3.0837221145629883","3.083571195602417","3.083571195602417","3.083571195602417"
"1073741824","4095","4095","4095","3.415529489517212","3.415529489517212","3.415529489517212","3.160365343093872","3.160365343093872","3.160365343093872","3.0925629138946533","3.0925629138946533","3.0925629138946533","3.0860512256622314","3.0860512256622314","3.0860512256622314","3.08585786819458","3.08585786819458","3.08585786819458"
"1082130432","4127","4127","4127","3.4088640213012695","3.4088640213012695","3.4088640213012695","3.156928062438965","3.156928062438965","3.156928062438965","3.0889885425567627","3.0889885425567627","3.0889885425567627","3.082381248474121","3.082381248474121","3.082381248474121","3.082324743270874","3.082324743270874","3.082324743270874"
"1090519040","4159","4159","4159","3.4221012592315674","3.4221012592315674","3.4221012592315674","3.1675431728363037","3.1675431728363037","3.1675431728363037","3.099120616912842","3.099120616912842","3.099120616912842","3.0929372310638428","3.0929372310638428","3.0929372310638428","3.0928568840026855","3.0928568840026855","3.0928568840026855"
"1098907648","4191","4191","4191","3.4107229709625244","3.4107229709625244","3.4107229709625244","3.1538796424865723","3.1538796424865723","3.1538796424865723","3.085974931716919","3.085974931716919","3.085974931716919","3.079446315765381","3.079446315765381","3.079446315765381","3.0793211460113525","3.0793211460113525","3.0793211460113525"
"1107296256","4223","4223","4223","3.4055492877960205","3.4055492877960205","3.4055492877960205","3.1506221294403076","3.1506221294403076","3.1506221294403076","3.0828285217285156","3.0828285217285156","3.0828285217285156","3.0757412910461426","3.0757412910461426","3.0757412910461426","3.075657606124878","3.075657606124878","3.075657606124878"
"1115684864","4255","4255","4255","3.405813455581665","3.405813455581665","3.405813455581665","3.159337043762207","3.159337043762207","3.159337043762207","3.087642192840576","3.087642192840576","3.087642192840576","3.080662250518799","3.080662250518799","3.080662250518799","3.0805068016052246","3.0805068016052246","3.0805068016052246"
"1124073472","4287","4287","4287","3.409947395324707","3.409947395324707","3.409947395324707","3.1533989906311035","3.1533989906311035","3.1533989906311035","3.0844333171844482","3.0844333171844482","3.0844333171844482","3.077033519744873","3.077033519744873","3.077033519744873","3.0768110752105713","3.0768110752105713","3.0768110752105713"
"1132462080","4319","4319","4319","3.4068541526794434","3.4068541526794434","3.4068541526794434","3.153249502182007","3.153249502182007","3.153249502182007","3.0820229053497314","3.0820229053497314","3.0820229053497314","3.0756216049194336","3.0756216049194336","3.0756216049194336","3.0754144191741943","3.0754144191741943","3.0754144191741943"
"1140850688","4351","4351","4351","3.40677547454834","3.40677547454834","3.40677547454834","3.1468889713287354","3.1468889713287354","3.1468889713287354","3.0758864879608154","3.0758864879608154","3.0758864879608154","3.069103956222534","3.069103956222534","3.069103956222534","3.0691592693328857","3.0691592693328857","3.0691592693328857"
"1149239296","4383","4383","4383","3.4089291095733643","3.4089291095733643","3.4089291095733643","3.1515464782714844","3.1515464782714844","3.1515464782714844","3.082456588745117","3.082456588745117","3.082456588745117","3.075296640396118","3.075296640396118","3.075296640396118","3.0752079486846924","3.0752079486846924","3.0752079486846924"
"1157627904","4415","4415","4415","3.4128434658050537","3.4128434658050537","3.4128434658050537","3.151031494140625","3.151031494140625","3.151031494140625","3.079807758331299","3.079807758331299","3.079807758331299","3.0728824138641357","3.0728824138641357","3.0728824138641357","3.0728046894073486","3.0728046894073486","3.0728046894073486"
"1166016512","4447","4447","4447","3.4077324867248535","3.4077324867248535","3.4077324867248535","3.148250102996826","3.148250102996826","3.148250102996826","3.0784082412719727","3.0784082412719727","3.0784082412719727","3.071744918823242","3.071744918823242","3.071744918823242","3.0716159343719482","3.0716159343719482","3.0716159343719482"
"1174405120","4479","4479","4479","3.40183162689209","3.40183162689209","3.40183162689209","3.1434543132781982","3.1434543132781982","3.1434543132781982","3.0749261379241943","3.0749261379241943","3.0749261379241943","3.067643165588379","3.067643165588379","3.067643165588379","3.0674612522125244","3.0674612522125244","3.0674612522125244"
"1182793728","4511","4511","4511","3.399630546569824","3.399630546569824","3.399630546569824","3.143378496170044","3.143378496170044","3.143378496170044","3.0753304958343506","3.0753304958343506","3.0753304958343506","3.0690433979034424","3.0690433979034424","3.0690433979034424","3.0689218044281006","3.0689218044281006","3.0689218044281006"
"1191182336","4543","4543","4543","3.4165117740631104","3.4165117740631104","3.4165117740631104","3.1529502868652344","3.1529502868652344","3.1529502868652344","3.081979513168335","3.081979513168335","3.081979513168335","3.0747697353363037","3.0747697353363037","3.0747697353363037","3.074756145477295","3.074756145477295","3.074756145477295"
"1199570944","4575","4575","4575","3.403691291809082","3.403691291809082","3.403691291809082","3.1448047161102295","3.1448047161102295","3.1448047161102295","3.0757038593292236","3.0757038593292236","3.0757038593292236","3.06889271736145","3.06889271736145","3.06889271736145","3.0688085556030273","3.0688085556030273","3.0688085556030273"
"1207959552","4607","4607","4607","3.403196096420288","3.403196096420288","3.403196096420288","3.1402645111083984","3.1402645111083984","3.1402645111083984","3.070246458053589","3.070246458053589","3.070246458053589","3.0635266304016113","3.0635266304016113","3.0635266304016113","3.063322067260742","3.063322067260742","3.063322067260742"
"1216348160","4639","4639","4639","3.4044957160949707","3.4044957160949707","3.4044957160949707","3.144712209701538","3.144712209701538","3.144712209701538","3.0765974521636963","3.0765974521636963","3.0765974521636963","3.0694830417633057","3.0694830417633057","3.0694830417633057","3.0694143772125244","3.0694143772125244","3.0694143772125244"
"1224736768","4671","4671","4671","3.409925699234009","3.409925699234009","3.409925699234009","3.144793748855591","3.144793748855591","3.144793748855591","3.0748536586761475","3.0748536586761475","3.0748536586761475","3.067993402481079","3.067993402481079","3.067993402481079","3.0677435398101807","3.0677435398101807","3.0677435398101807"
"1233125376","4703","4703","4703","3.403430700302124","3.403430700302124","3.403430700302124","3.1421024799346924","3.1421024799346924","3.1421024799346924","3.0733864307403564","3.0733864307403564","3.0733864307403564","3.067368984222412","3.067368984222412","3.067368984222412","3.0672411918640137","3.0672411918640137","3.0672411918640137"
"1241513984","4735","4735","4735","3.4016566276550293","3.4016566276550293","3.4016566276550293","3.142927408218384","3.142927408218384","3.142927408218384","3.073820114135742","3.073820114135742","3.073820114135742","3.0667335987091064","3.0667335987091064","3.0667335987091064","3.066817283630371","3.066817283630371","3.066817283630371"
"1249902592","4767","4767","4767","3.405128002166748","3.405128002166748","3.405128002166748","3.1440701484680176","3.1440701484680176","3.1440701484680176","3.0738232135772705","3.0738232135772705","3.0738232135772705","3.0671331882476807","3.0671331882476807","3.0671331882476807","3.0670254230499268","3.0670254230499268","3.0670254230499268"
"1258291200","4799","4799","4799","3.402991771697998","3.402991771697998","3.402991771697998","3.1386358737945557","3.1386358737945557","3.1386358737945557","3.0664727687835693","3.0664727687835693","3.0664727687835693","3.059926748275757","3.059926748275757","3.059926748275757","3.059767484664917","3.059767484664917","3.059767484664917"
"1266679808","4831","4831","4831","3.396793842315674","3.396793842315674","3.396793842315674","3.1350643634796143","3.1350643634796143","3.1350643634796143","3.0643625259399414","3.0643625259399414","3.0643625259399414","3.0569047927856445","3.0569047927856445","3.0569047927856445","3.057034730911255","3.057034730911255","3.057034730911255"
"1275068416","4863","4863","4863","3.3937761783599854","3.3937761783599854","3.3937761783599854","3.132051944732666","3.132051944732666","3.132051944732666","3.06148099899292","3.06148099899292","3.06148099899292","3.054705858230591","3.054705858230591","3.054705858230591","3.0546724796295166","3.0546724796295166","3.0546724796295166"
"1283457024","4895","4895","4895","3.3842921257019043","3.3842921257019043","3.3842921257019043","3.1308465003967285","3.1308465003967285","3.1308465003967285","3.0636112689971924","3.0636112689971924","3.0636112689971924","3.056514263153076","3.056514263153076","3.056514263153076","3.0563511848449707","3.0563511848449707","3.0563511848449707"
"1291845632","4927","4927","4927","3.3955700397491455","3.3955700397491455","3.3955700397491455","3.131842613220215","3.131842613220215","3.131842613220215","3.0626635551452637","3.0626635551452637","3.0626635551452637","3.055835485458374","3.055835485458374","3.055835485458374","3.055513858795166","3.055513858795166","3.055513858795166"
"1300234240","4959","4959","4959","3.391188859939575","3.391188859939575","3.391188859939575","3.132434844970703","3.132434844970703","3.132434844970703","3.0614068508148193","3.0614068508148193","3.0614068508148193","3.0544776916503906","3.0544776916503906","3.0544776916503906","3.05428147315979","3.05428147315979","3.05428147315979"
"1308622848","4991","4991","4991","3.3946642875671387","3.3946642875671387","3.3946642875671387","3.1294426918029785","3.1294426918029785","3.1294426918029785","3.058217763900757","3.058217763900757","3.058217763900757","3.0514369010925293","3.0514369010925293","3.0514369010925293","3.0512499809265137","3.0512499809265137","3.0512499809265137"
"1317011456","5023","5023","5023","3.3784806728363037","3.3784806728363037","3.3784806728363037","3.1262314319610596","3.1262314319610596","3.1262314319610596","3.0552618503570557","3.0552618503570557","3.0552618503570557","3.0484635829925537","3.0484635829925537","3.0484635829925537","3.0484588146209717","3.0484588146209717","3.0484588146209717"
"1325400064","5055","5055","5055","3.378852367401123","3.378852367401123","3.378852367401123","3.1252729892730713","3.1252729892730713","3.1252729892730713","3.054084062576294","3.054084062576294","3.054084062576294","3.0470056533813477","3.0470056533813477","3.0470056533813477","3.046976327896118","3.046976327896118","3.046976327896118"
"1333788672","5087","5087","5087","3.38348126411438","3.38348126411438","3.38348126411438","3.1265716552734375","3.1265716552734375","3.1265716552734375","3.057659864425659","3.057659864425659","3.057659864425659","3.050412178039551","3.050412178039551","3.050412178039551","3.050466775894165","3.050466775894165","3.050466775894165"
"1342177280","5119","5119","5119","3.3840091228485107","3.3840091228485107","3.3840091228485107","3.12319016456604","3.12319016456604","3.12319016456604","3.0531303882598877","3.0531303882598877","3.0531303882598877","3.046363353729248","3.046363353729248","3.046363353729248","3.0462732315063477","3.0462732315063477","3.0462732315063477"
"1350565888","5151","5151","5151","3.3887572288513184","3.3887572288513184","3.3887572288513184","3.1263160705566406","3.1263160705566406","3.1263160705566406","3.05668044090271","3.05668044090271","3.05668044090271","3.050891399383545","3.050891399383545","3.050891399383545","3.050877809524536","3.050877809524536","3.050877809524536"
"1358954496","5183","5183","5183","3.386383056640625","3.386383056640625","3.386383056640625","3.1235063076019287","3.1235063076019287","3.1235063076019287","3.0541889667510986","3.0541889667510986","3.0541889667510986","3.0480058193206787","3.0480058193206787","3.0480058193206787","3.047940254211426","3.047940254211426","3.047940254211426"
"1367343104","5215","5215","5215","3.3750483989715576","3.3750483989715576","3.3750483989715576","3.1148431301116943","3.1148431301116943","3.1148431301116943","3.0434582233428955","3.0434582233428955","3.0434582233428955","3.0375072956085205","3.0375072956085205","3.0375072956085205","3.037362813949585","3.037362813949585","3.037362813949585"