"optimizer_step","recur1b-mig-234 - _step","recur1b-mig-234 - _step__MIN","recur1b-mig-234 - _step__MAX","recur1b-mig-234 - word_embed_l2_param_norm","recur1b-mig-234 - word_embed_l2_param_norm__MIN","recur1b-mig-234 - word_embed_l2_param_norm__MAX"
"1431","1","1","1","151.3059539794922","151.3059539794922","151.3059539794922"
"1432","3","3","3","151.30792236328125","151.30792236328125","151.30792236328125"
"1433","5","5","5","151.3070068359375","151.3070068359375","151.3070068359375"
"1434","7","7","7","151.303955078125","151.303955078125","151.303955078125"
"1435","9","9","9","151.30068969726562","151.30068969726562","151.30068969726562"
"1436","11","11","11","151.2960662841797","151.2960662841797","151.2960662841797"
"1437","13","13","13","151.2889404296875","151.2889404296875","151.2889404296875"
"1438","15","15","15","151.2806854248047","151.2806854248047","151.2806854248047"
"1439","17","17","17","151.2722930908203","151.2722930908203","151.2722930908203"
"1440","19","19","19","151.26315307617188","151.26315307617188","151.26315307617188"
"1441","21","21","21","151.252685546875","151.252685546875","151.252685546875"
"1442","23","23","23","151.2442169189453","151.2442169189453","151.2442169189453"
"1443","25","25","25","151.2378387451172","151.2378387451172","151.2378387451172"
"1444","27","27","27","151.23085021972656","151.23085021972656","151.23085021972656"
"1445","29","29","29","151.2269287109375","151.2269287109375","151.2269287109375"
"1446","31","31","31","151.2248992919922","151.2248992919922","151.2248992919922"
"1447","33","33","33","151.22317504882812","151.22317504882812","151.22317504882812"
"1448","35","35","35","151.22531127929688","151.22531127929688","151.22531127929688"
"1449","37","37","37","151.22503662109375","151.22503662109375","151.22503662109375"
"1450","39","39","39","151.2290496826172","151.2290496826172","151.2290496826172"
"1451","41","41","41","151.2322540283203","151.2322540283203","151.2322540283203"
"1452","43","43","43","151.2337188720703","151.2337188720703","151.2337188720703"
"1453","45","45","45","151.24085998535156","151.24085998535156","151.24085998535156"
"1454","47","47","47","151.24569702148438","151.24569702148438","151.24569702148438"
"1455","49","49","49","151.25131225585938","151.25131225585938","151.25131225585938"
"1456","51","51","51","151.25885009765625","151.25885009765625","151.25885009765625"
"1457","53","53","53","151.26412963867188","151.26412963867188","151.26412963867188"
"1458","55","55","55","151.27198791503906","151.27198791503906","151.27198791503906"
"1459","57","57","57","151.27943420410156","151.27943420410156","151.27943420410156"
"1460","59","59","59","151.28579711914062","151.28579711914062","151.28579711914062"
"1461","61","61","61","151.2943572998047","151.2943572998047","151.2943572998047"
"1462","63","63","63","151.30091857910156","151.30091857910156","151.30091857910156"
"1463","65","65","65","151.3098907470703","151.3098907470703","151.3098907470703"
"1464","67","67","67","151.31781005859375","151.31781005859375","151.31781005859375"
"1465","69","69","69","151.32562255859375","151.32562255859375","151.32562255859375"
"1466","71","71","71","151.33383178710938","151.33383178710938","151.33383178710938"
"1467","73","73","73","151.34222412109375","151.34222412109375","151.34222412109375"
"1468","75","75","75","151.35000610351562","151.35000610351562","151.35000610351562"
"1469","77","77","77","151.35842895507812","151.35842895507812","151.35842895507812"
"1470","79","79","79","151.36619567871094","151.36619567871094","151.36619567871094"
"1471","81","81","81","151.37477111816406","151.37477111816406","151.37477111816406"
"1472","83","83","83","151.38311767578125","151.38311767578125","151.38311767578125"
"1473","85","85","85","151.39137268066406","151.39137268066406","151.39137268066406"
"1474","87","87","87","151.40017700195312","151.40017700195312","151.40017700195312"
"1475","89","89","89","151.40794372558594","151.40794372558594","151.40794372558594"
"1476","91","91","91","151.41656494140625","151.41656494140625","151.41656494140625"
"1477","93","93","93","151.42349243164062","151.42349243164062","151.42349243164062"
"1478","95","95","95","151.43251037597656","151.43251037597656","151.43251037597656"
"1479","97","97","97","151.43792724609375","151.43792724609375","151.43792724609375"
"1480","99","99","99","151.44593811035156","151.44593811035156","151.44593811035156"
"1481","101","101","101","151.45286560058594","151.45286560058594","151.45286560058594"
"1482","103","103","103","151.45999145507812","151.45999145507812","151.45999145507812"
"1483","105","105","105","151.4681854248047","151.4681854248047","151.4681854248047"
"1484","107","107","107","151.474609375","151.474609375","151.474609375"
"1485","109","109","109","151.4821319580078","151.4821319580078","151.4821319580078"
"1486","111","111","111","151.48919677734375","151.48919677734375","151.48919677734375"
"1487","113","113","113","151.4958038330078","151.4958038330078","151.4958038330078"
"1488","115","115","115","151.5023651123047","151.5023651123047","151.5023651123047"
"1489","117","117","117","151.5093536376953","151.5093536376953","151.5093536376953"
"1490","119","119","119","151.51483154296875","151.51483154296875","151.51483154296875"
"1491","121","121","121","151.52349853515625","151.52349853515625","151.52349853515625"
"1492","123","123","123","151.52865600585938","151.52865600585938","151.52865600585938"
"1493","125","125","125","151.53497314453125","151.53497314453125","151.53497314453125"
"1494","127","127","127","151.5426483154297","151.5426483154297","151.5426483154297"
"1495","129","129","129","151.54745483398438","151.54745483398438","151.54745483398438"
"1496","131","131","131","151.55435180664062","151.55435180664062","151.55435180664062"
"1497","133","133","133","151.5619659423828","151.5619659423828","151.5619659423828"
"1498","135","135","135","151.56825256347656","151.56825256347656","151.56825256347656"
"1499","137","137","137","151.57496643066406","151.57496643066406","151.57496643066406"
"1500","139","139","139","151.58119201660156","151.58119201660156","151.58119201660156"
"1501","141","141","141","151.58888244628906","151.58888244628906","151.58888244628906"
"1502","143","143","143","151.5936737060547","151.5936737060547","151.5936737060547"
"1503","145","145","145","151.6017608642578","151.6017608642578","151.6017608642578"
"1504","147","147","147","151.6083526611328","151.6083526611328","151.6083526611328"
"1505","149","149","149","151.6135711669922","151.6135711669922","151.6135711669922"
"1506","151","151","151","151.62081909179688","151.62081909179688","151.62081909179688"
"1507","153","153","153","151.62600708007812","151.62600708007812","151.62600708007812"
"1508","155","155","155","151.63235473632812","151.63235473632812","151.63235473632812"
"1509","157","157","157","151.63833618164062","151.63833618164062","151.63833618164062"
"1510","159","159","159","151.6447296142578","151.6447296142578","151.6447296142578"
"1511","161","161","161","151.65089416503906","151.65089416503906","151.65089416503906"
"1512","163","163","163","151.65708923339844","151.65708923339844","151.65708923339844"
"1513","165","165","165","151.66290283203125","151.66290283203125","151.66290283203125"
"1514","167","167","167","151.66944885253906","151.66944885253906","151.66944885253906"
"1515","169","169","169","151.675537109375","151.675537109375","151.675537109375"
"1516","171","171","171","151.68255615234375","151.68255615234375","151.68255615234375"
"1517","173","173","173","151.68792724609375","151.68792724609375","151.68792724609375"
"1518","175","175","175","151.69522094726562","151.69522094726562","151.69522094726562"
"1519","177","177","177","151.70156860351562","151.70156860351562","151.70156860351562"
"1520","179","179","179","151.70828247070312","151.70828247070312","151.70828247070312"
"1521","181","181","181","151.7149200439453","151.7149200439453","151.7149200439453"
"1522","183","183","183","151.7213134765625","151.7213134765625","151.7213134765625"
"1523","185","185","185","151.7279052734375","151.7279052734375","151.7279052734375"
"1524","187","187","187","151.73358154296875","151.73358154296875","151.73358154296875"
"1525","189","189","189","151.74078369140625","151.74078369140625","151.74078369140625"
"1526","191","191","191","151.74667358398438","151.74667358398438","151.74667358398438"
"1527","193","193","193","151.754150390625","151.754150390625","151.754150390625"
"1528","195","195","195","151.75997924804688","151.75997924804688","151.75997924804688"
"1529","197","197","197","151.7674560546875","151.7674560546875","151.7674560546875"
"1530","199","199","199","151.773681640625","151.773681640625","151.773681640625"
"1531","201","201","201","151.78021240234375","151.78021240234375","151.78021240234375"
"1532","203","203","203","151.78744506835938","151.78744506835938","151.78744506835938"
"1533","205","205","205","151.793212890625","151.793212890625","151.793212890625"
"1534","207","207","207","151.80064392089844","151.80064392089844","151.80064392089844"
"1535","209","209","209","151.8056640625","151.8056640625","151.8056640625"
"1536","211","211","211","151.81332397460938","151.81332397460938","151.81332397460938"
"1537","213","213","213","151.81954956054688","151.81954956054688","151.81954956054688"
"1538","215","215","215","151.82530212402344","151.82530212402344","151.82530212402344"
"1539","217","217","217","151.83209228515625","151.83209228515625","151.83209228515625"
"1540","219","219","219","151.83738708496094","151.83738708496094","151.83738708496094"
"1541","221","221","221","151.84356689453125","151.84356689453125","151.84356689453125"
"1542","223","223","223","151.8489990234375","151.8489990234375","151.8489990234375"
"1543","225","225","225","151.8551025390625","151.8551025390625","151.8551025390625"
"1544","227","227","227","151.8612518310547","151.8612518310547","151.8612518310547"
"1545","229","229","229","151.86715698242188","151.86715698242188","151.86715698242188"
"1546","231","231","231","151.87289428710938","151.87289428710938","151.87289428710938"
"1547","233","233","233","151.8795928955078","151.8795928955078","151.8795928955078"
"1548","235","235","235","151.88546752929688","151.88546752929688","151.88546752929688"
"1549","237","237","237","151.8916473388672","151.8916473388672","151.8916473388672"
"1550","239","239","239","151.8963623046875","151.8963623046875","151.8963623046875"
"1551","241","241","241","151.9028778076172","151.9028778076172","151.9028778076172"
"1552","243","243","243","151.90887451171875","151.90887451171875","151.90887451171875"
"1553","245","245","245","151.91445922851562","151.91445922851562","151.91445922851562"
"1554","247","247","247","151.92071533203125","151.92071533203125","151.92071533203125"
"1555","249","249","249","151.92701721191406","151.92701721191406","151.92701721191406"
"1556","251","251","251","151.93370056152344","151.93370056152344","151.93370056152344"
"1557","253","253","253","151.93844604492188","151.93844604492188","151.93844604492188"
"1558","255","255","255","151.94613647460938","151.94613647460938","151.94613647460938"
"1559","257","257","257","151.95179748535156","151.95179748535156","151.95179748535156"
"1560","259","259","259","151.95787048339844","151.95787048339844","151.95787048339844"
"1561","261","261","261","151.96437072753906","151.96437072753906","151.96437072753906"
"1562","263","263","263","151.9699249267578","151.9699249267578","151.9699249267578"
"1563","265","265","265","151.97683715820312","151.97683715820312","151.97683715820312"
"1564","267","267","267","151.9818878173828","151.9818878173828","151.9818878173828"
"1565","269","269","269","151.9884033203125","151.9884033203125","151.9884033203125"
"1566","271","271","271","151.99411010742188","151.99411010742188","151.99411010742188"
"1567","273","273","273","151.99960327148438","151.99960327148438","151.99960327148438"
"1568","275","275","275","152.00608825683594","152.00608825683594","152.00608825683594"
"1569","277","277","277","152.01112365722656","152.01112365722656","152.01112365722656"
"1570","279","279","279","152.01773071289062","152.01773071289062","152.01773071289062"
"1571","281","281","281","152.0220489501953","152.0220489501953","152.0220489501953"
"1572","283","283","283","152.02806091308594","152.02806091308594","152.02806091308594"
"1573","285","285","285","152.0335693359375","152.0335693359375","152.0335693359375"
"1574","287","287","287","152.03916931152344","152.03916931152344","152.03916931152344"
"1575","289","289","289","152.0451202392578","152.0451202392578","152.0451202392578"
"1576","291","291","291","152.04995727539062","152.04995727539062","152.04995727539062"
"1577","293","293","293","152.0560302734375","152.0560302734375","152.0560302734375"
"1578","295","295","295","152.06106567382812","152.06106567382812","152.06106567382812"
"1579","297","297","297","152.06700134277344","152.06700134277344","152.06700134277344"
"1580","299","299","299","152.072265625","152.072265625","152.072265625"
"1581","301","301","301","152.07789611816406","152.07789611816406","152.07789611816406"
"1582","303","303","303","152.08445739746094","152.08445739746094","152.08445739746094"
"1583","305","305","305","152.08978271484375","152.08978271484375","152.08978271484375"
"1584","307","307","307","152.09530639648438","152.09530639648438","152.09530639648438"
"1585","309","309","309","152.10067749023438","152.10067749023438","152.10067749023438"
"1586","311","311","311","152.10598754882812","152.10598754882812","152.10598754882812"
"1587","313","313","313","152.11245727539062","152.11245727539062","152.11245727539062"
"1588","315","315","315","152.11729431152344","152.11729431152344","152.11729431152344"
"1589","317","317","317","152.1230010986328","152.1230010986328","152.1230010986328"
"1590","319","319","319","152.1282501220703","152.1282501220703","152.1282501220703"
"1591","321","321","321","152.1334991455078","152.1334991455078","152.1334991455078"
"1592","323","323","323","152.1398468017578","152.1398468017578","152.1398468017578"
"1593","325","325","325","152.1448211669922","152.1448211669922","152.1448211669922"
"1594","327","327","327","152.1517333984375","152.1517333984375","152.1517333984375"
"1595","329","329","329","152.1566162109375","152.1566162109375","152.1566162109375"
"1596","331","331","331","152.16258239746094","152.16258239746094","152.16258239746094"
"1597","333","333","333","152.16920471191406","152.16920471191406","152.16920471191406"
"1598","335","335","335","152.17425537109375","152.17425537109375","152.17425537109375"
"1599","337","337","337","152.18017578125","152.18017578125","152.18017578125"
"1600","339","339","339","152.18576049804688","152.18576049804688","152.18576049804688"
"1601","341","341","341","152.19142150878906","152.19142150878906","152.19142150878906"
"1602","343","343","343","152.1977996826172","152.1977996826172","152.1977996826172"
"1603","345","345","345","152.20278930664062","152.20278930664062","152.20278930664062"
"1604","347","347","347","152.20921325683594","152.20921325683594","152.20921325683594"
"1605","349","349","349","152.21456909179688","152.21456909179688","152.21456909179688"
"1606","351","351","351","152.22093200683594","152.22093200683594","152.22093200683594"
"1607","353","353","353","152.2270965576172","152.2270965576172","152.2270965576172"
"1608","355","355","355","152.23252868652344","152.23252868652344","152.23252868652344"
"1609","357","357","357","152.23880004882812","152.23880004882812","152.23880004882812"
"1610","359","359","359","152.2449188232422","152.2449188232422","152.2449188232422"
"1611","361","361","361","152.2503204345703","152.2503204345703","152.2503204345703"
"1612","363","363","363","152.25631713867188","152.25631713867188","152.25631713867188"
"1613","365","365","365","152.2617950439453","152.2617950439453","152.2617950439453"
"1614","367","367","367","152.26795959472656","152.26795959472656","152.26795959472656"
"1615","369","369","369","152.2720947265625","152.2720947265625","152.2720947265625"
"1616","371","371","371","152.2780303955078","152.2780303955078","152.2780303955078"
"1617","373","373","373","152.2830352783203","152.2830352783203","152.2830352783203"
"1618","375","375","375","152.28819274902344","152.28819274902344","152.28819274902344"
"1619","377","377","377","152.2931365966797","152.2931365966797","152.2931365966797"
"1620","379","379","379","152.29759216308594","152.29759216308594","152.29759216308594"
"1621","381","381","381","152.3026885986328","152.3026885986328","152.3026885986328"
"1622","383","383","383","152.30628967285156","152.30628967285156","152.30628967285156"
"1623","385","385","385","152.3111572265625","152.3111572265625","152.3111572265625"
"1624","387","387","387","152.31515502929688","152.31515502929688","152.31515502929688"
"1625","389","389","389","152.31944274902344","152.31944274902344","152.31944274902344"
"1626","391","391","391","152.32374572753906","152.32374572753906","152.32374572753906"
"1627","393","393","393","152.3277130126953","152.3277130126953","152.3277130126953"
"1628","395","395","395","152.33145141601562","152.33145141601562","152.33145141601562"
"1629","397","397","397","152.3355712890625","152.3355712890625","152.3355712890625"
"1630","399","399","399","152.3394775390625","152.3394775390625","152.3394775390625"
"1631","401","401","401","152.3441162109375","152.3441162109375","152.3441162109375"
"1632","403","403","403","152.34689331054688","152.34689331054688","152.34689331054688"
"1633","405","405","405","152.35121154785156","152.35121154785156","152.35121154785156"
"1634","407","407","407","152.35415649414062","152.35415649414062","152.35415649414062"
"1635","409","409","409","152.35885620117188","152.35885620117188","152.35885620117188"
"1636","411","411","411","152.36192321777344","152.36192321777344","152.36192321777344"
"1637","413","413","413","152.36444091796875","152.36444091796875","152.36444091796875"
"1638","415","415","415","152.36888122558594","152.36888122558594","152.36888122558594"
"1639","417","417","417","152.37181091308594","152.37181091308594","152.37181091308594"
"1640","419","419","419","152.37576293945312","152.37576293945312","152.37576293945312"
"1641","421","421","421","152.37911987304688","152.37911987304688","152.37911987304688"
"1642","423","423","423","152.38267517089844","152.38267517089844","152.38267517089844"
"1643","425","425","425","152.38645935058594","152.38645935058594","152.38645935058594"
"1644","427","427","427","152.38954162597656","152.38954162597656","152.38954162597656"
"1645","429","429","429","152.3937530517578","152.3937530517578","152.3937530517578"
"1646","431","431","431","152.39707946777344","152.39707946777344","152.39707946777344"
"1647","433","433","433","152.40005493164062","152.40005493164062","152.40005493164062"
"1648","435","435","435","152.404296875","152.404296875","152.404296875"
"1649","437","437","437","152.40814208984375","152.40814208984375","152.40814208984375"
"1650","439","439","439","152.4121856689453","152.4121856689453","152.4121856689453"
"1651","441","441","441","152.41519165039062","152.41519165039062","152.41519165039062"
"1652","443","443","443","152.4197998046875","152.4197998046875","152.4197998046875"
"1653","445","445","445","152.42303466796875","152.42303466796875","152.42303466796875"
"1654","447","447","447","152.427490234375","152.427490234375","152.427490234375"
"1655","449","449","449","152.4306182861328","152.4306182861328","152.4306182861328"
"1656","451","451","451","152.43453979492188","152.43453979492188","152.43453979492188"
"1657","453","453","453","152.43833923339844","152.43833923339844","152.43833923339844"
"1658","455","455","455","152.44204711914062","152.44204711914062","152.44204711914062"
"1659","457","457","457","152.44583129882812","152.44583129882812","152.44583129882812"
"1660","459","459","459","152.44879150390625","152.44879150390625","152.44879150390625"
"1661","461","461","461","152.45343017578125","152.45343017578125","152.45343017578125"
"1662","463","463","463","152.4566650390625","152.4566650390625","152.4566650390625"
"1663","465","465","465","152.46115112304688","152.46115112304688","152.46115112304688"
"1664","467","467","467","152.4647979736328","152.4647979736328","152.4647979736328"
"1665","469","469","469","152.46859741210938","152.46859741210938","152.46859741210938"
"1666","471","471","471","152.47293090820312","152.47293090820312","152.47293090820312"
"1667","473","473","473","152.47642517089844","152.47642517089844","152.47642517089844"
"1668","475","475","475","152.4811248779297","152.4811248779297","152.4811248779297"
"1669","477","477","477","152.4847412109375","152.4847412109375","152.4847412109375"
"1670","479","479","479","152.48886108398438","152.48886108398438","152.48886108398438"
"1671","481","481","481","152.49337768554688","152.49337768554688","152.49337768554688"
"1672","483","483","483","152.49697875976562","152.49697875976562","152.49697875976562"
"1673","485","485","485","152.50131225585938","152.50131225585938","152.50131225585938"
"1674","487","487","487","152.50506591796875","152.50506591796875","152.50506591796875"
"1675","489","489","489","152.50965881347656","152.50965881347656","152.50965881347656"
"1676","491","491","491","152.513427734375","152.513427734375","152.513427734375"
"1677","493","493","493","152.5174102783203","152.5174102783203","152.5174102783203"
"1678","495","495","495","152.52023315429688","152.52023315429688","152.52023315429688"
"1679","497","497","497","152.524658203125","152.524658203125","152.524658203125"
"1680","499","499","499","152.52781677246094","152.52781677246094","152.52781677246094"
"1681","501","501","501","152.53109741210938","152.53109741210938","152.53109741210938"
"1682","503","503","503","152.5356903076172","152.5356903076172","152.5356903076172"
"1683","505","505","505","152.5392303466797","152.5392303466797","152.5392303466797"
"1684","507","507","507","152.54287719726562","152.54287719726562","152.54287719726562"
"1685","509","509","509","152.54685974121094","152.54685974121094","152.54685974121094"
"1686","511","511","511","152.55026245117188","152.55026245117188","152.55026245117188"
"1687","513","513","513","152.55419921875","152.55419921875","152.55419921875"
"1688","515","515","515","152.55787658691406","152.55787658691406","152.55787658691406"
"1689","517","517","517","152.561767578125","152.561767578125","152.561767578125"
"1690","519","519","519","152.56448364257812","152.56448364257812","152.56448364257812"
"1691","521","521","521","152.56854248046875","152.56854248046875","152.56854248046875"
"1692","523","523","523","152.57252502441406","152.57252502441406","152.57252502441406"
"1693","525","525","525","152.576171875","152.576171875","152.576171875"
"1694","527","527","527","152.57989501953125","152.57989501953125","152.57989501953125"
"1695","529","529","529","152.583251953125","152.583251953125","152.583251953125"
"1696","531","531","531","152.5878143310547","152.5878143310547","152.5878143310547"
"1697","533","533","533","152.59083557128906","152.59083557128906","152.59083557128906"
"1698","535","535","535","152.59483337402344","152.59483337402344","152.59483337402344"
"1699","537","537","537","152.59910583496094","152.59910583496094","152.59910583496094"
"1700","539","539","539","152.6023406982422","152.6023406982422","152.6023406982422"
"1701","541","541","541","152.60617065429688","152.60617065429688","152.60617065429688"
"1702","543","543","543","152.60928344726562","152.60928344726562","152.60928344726562"
"1703","545","545","545","152.61346435546875","152.61346435546875","152.61346435546875"
"1704","547","547","547","152.61688232421875","152.61688232421875","152.61688232421875"
"1705","549","549","549","152.62075805664062","152.62075805664062","152.62075805664062"
"1706","551","551","551","152.62457275390625","152.62457275390625","152.62457275390625"
"1707","553","553","553","152.6279296875","152.6279296875","152.6279296875"
"1708","555","555","555","152.631591796875","152.631591796875","152.631591796875"
"1709","557","557","557","152.63404846191406","152.63404846191406","152.63404846191406"
"1710","559","559","559","152.63815307617188","152.63815307617188","152.63815307617188"
"1711","561","561","561","152.64105224609375","152.64105224609375","152.64105224609375"
"1712","563","563","563","152.64512634277344","152.64512634277344","152.64512634277344"
"1713","565","565","565","152.64886474609375","152.64886474609375","152.64886474609375"
"1714","567","567","567","152.65281677246094","152.65281677246094","152.65281677246094"
"1715","569","569","569","152.65631103515625","152.65631103515625","152.65631103515625"
"1716","571","571","571","152.6601104736328","152.6601104736328","152.6601104736328"
"1717","573","573","573","152.6633758544922","152.6633758544922","152.6633758544922"
"1718","575","575","575","152.66729736328125","152.66729736328125","152.66729736328125"
"1719","577","577","577","152.67100524902344","152.67100524902344","152.67100524902344"
"1720","579","579","579","152.6743621826172","152.6743621826172","152.6743621826172"
"1721","581","581","581","152.6783447265625","152.6783447265625","152.6783447265625"
"1722","583","583","583","152.68235778808594","152.68235778808594","152.68235778808594"
"1723","585","585","585","152.68621826171875","152.68621826171875","152.68621826171875"
"1724","587","587","587","152.6903533935547","152.6903533935547","152.6903533935547"
"1725","589","589","589","152.69398498535156","152.69398498535156","152.69398498535156"
"1726","591","591","591","152.6981964111328","152.6981964111328","152.6981964111328"
"1727","593","593","593","152.70201110839844","152.70201110839844","152.70201110839844"
"1728","595","595","595","152.7060089111328","152.7060089111328","152.7060089111328"
"1729","597","597","597","152.7094268798828","152.7094268798828","152.7094268798828"
"1730","599","599","599","152.71377563476562","152.71377563476562","152.71377563476562"
"1731","601","601","601","152.71719360351562","152.71719360351562","152.71719360351562"
"1732","603","603","603","152.72036743164062","152.72036743164062","152.72036743164062"
"1733","605","605","605","152.7244415283203","152.7244415283203","152.7244415283203"
"1734","607","607","607","152.72738647460938","152.72738647460938","152.72738647460938"
"1735","609","609","609","152.73204040527344","152.73204040527344","152.73204040527344"
"1736","611","611","611","152.73509216308594","152.73509216308594","152.73509216308594"
"1737","613","613","613","152.7390899658203","152.7390899658203","152.7390899658203"
"1738","615","615","615","152.7432861328125","152.7432861328125","152.7432861328125"
"1739","617","617","617","152.74609375","152.74609375","152.74609375"
"1740","619","619","619","152.7506103515625","152.7506103515625","152.7506103515625"
"1741","621","621","621","152.75372314453125","152.75372314453125","152.75372314453125"
"1742","623","623","623","152.756591796875","152.756591796875","152.756591796875"
"1743","625","625","625","152.76025390625","152.76025390625","152.76025390625"
"1744","627","627","627","152.76329040527344","152.76329040527344","152.76329040527344"
"1745","629","629","629","152.76705932617188","152.76705932617188","152.76705932617188"
"1746","631","631","631","152.77040100097656","152.77040100097656","152.77040100097656"
"1747","633","633","633","152.77374267578125","152.77374267578125","152.77374267578125"
"1748","635","635","635","152.77694702148438","152.77694702148438","152.77694702148438"
"1749","637","637","637","152.78094482421875","152.78094482421875","152.78094482421875"
"1750","639","639","639","152.78355407714844","152.78355407714844","152.78355407714844"
"1751","641","641","641","152.787109375","152.787109375","152.787109375"
"1752","643","643","643","152.79037475585938","152.79037475585938","152.79037475585938"
"1753","645","645","645","152.79359436035156","152.79359436035156","152.79359436035156"
"1754","647","647","647","152.7973175048828","152.7973175048828","152.7973175048828"
"1755","649","649","649","152.80136108398438","152.80136108398438","152.80136108398438"
"1756","651","651","651","152.80526733398438","152.80526733398438","152.80526733398438"
"1757","653","653","653","152.80809020996094","152.80809020996094","152.80809020996094"
"1758","655","655","655","152.81222534179688","152.81222534179688","152.81222534179688"
"1759","657","657","657","152.81495666503906","152.81495666503906","152.81495666503906"
"1760","659","659","659","152.8186798095703","152.8186798095703","152.8186798095703"
"1761","661","661","661","152.82192993164062","152.82192993164062","152.82192993164062"
"1762","663","663","663","152.82565307617188","152.82565307617188","152.82565307617188"
"1763","665","665","665","152.82945251464844","152.82945251464844","152.82945251464844"
"1764","667","667","667","152.83322143554688","152.83322143554688","152.83322143554688"
"1765","669","669","669","152.837158203125","152.837158203125","152.837158203125"
"1766","671","671","671","152.84068298339844","152.84068298339844","152.84068298339844"
"1767","673","673","673","152.84494018554688","152.84494018554688","152.84494018554688"
"1768","675","675","675","152.84776306152344","152.84776306152344","152.84776306152344"
"1769","677","677","677","152.85169982910156","152.85169982910156","152.85169982910156"
"1770","679","679","679","152.85528564453125","152.85528564453125","152.85528564453125"
"1771","681","681","681","152.85855102539062","152.85855102539062","152.85855102539062"
"1772","683","683","683","152.86227416992188","152.86227416992188","152.86227416992188"
"1773","685","685","685","152.8656463623047","152.8656463623047","152.8656463623047"
"1774","687","687","687","152.8699493408203","152.8699493408203","152.8699493408203"
"1775","689","689","689","152.87283325195312","152.87283325195312","152.87283325195312"
"1776","691","691","691","152.8760528564453","152.8760528564453","152.8760528564453"
"1777","693","693","693","152.87954711914062","152.87954711914062","152.87954711914062"
"1778","695","695","695","152.8834228515625","152.8834228515625","152.8834228515625"
"1779","697","697","697","152.8871307373047","152.8871307373047","152.8871307373047"
"1780","699","699","699","152.89027404785156","152.89027404785156","152.89027404785156"
"1781","701","701","701","152.89358520507812","152.89358520507812","152.89358520507812"
"1782","703","703","703","152.89688110351562","152.89688110351562","152.89688110351562"
"1783","705","705","705","152.9005889892578","152.9005889892578","152.9005889892578"
"1784","707","707","707","152.90330505371094","152.90330505371094","152.90330505371094"
"1785","709","709","709","152.90708923339844","152.90708923339844","152.90708923339844"
"1786","711","711","711","152.90968322753906","152.90968322753906","152.90968322753906"
"1787","713","713","713","152.9141387939453","152.9141387939453","152.9141387939453"
"1788","715","715","715","152.91763305664062","152.91763305664062","152.91763305664062"
"1789","717","717","717","152.92031860351562","152.92031860351562","152.92031860351562"
"1790","719","719","719","152.92446899414062","152.92446899414062","152.92446899414062"
"1791","721","721","721","152.92735290527344","152.92735290527344","152.92735290527344"
"1792","723","723","723","152.93031311035156","152.93031311035156","152.93031311035156"
"1793","725","725","725","152.93441772460938","152.93441772460938","152.93441772460938"
"1794","727","727","727","152.93707275390625","152.93707275390625","152.93707275390625"
"1795","729","729","729","152.94036865234375","152.94036865234375","152.94036865234375"
"1796","731","731","731","152.9439239501953","152.9439239501953","152.9439239501953"
"1797","733","733","733","152.94651794433594","152.94651794433594","152.94651794433594"
"1798","735","735","735","152.9497528076172","152.9497528076172","152.9497528076172"
"1799","737","737","737","152.95339965820312","152.95339965820312","152.95339965820312"
"1800","739","739","739","152.95553588867188","152.95553588867188","152.95553588867188"
"1801","741","741","741","152.95904541015625","152.95904541015625","152.95904541015625"
"1802","743","743","743","152.9622802734375","152.9622802734375","152.9622802734375"
"1803","745","745","745","152.96478271484375","152.96478271484375","152.96478271484375"
"1804","747","747","747","152.96884155273438","152.96884155273438","152.96884155273438"
"1805","749","749","749","152.97137451171875","152.97137451171875","152.97137451171875"
"1806","751","751","751","152.97482299804688","152.97482299804688","152.97482299804688"
"1807","753","753","753","152.9777374267578","152.9777374267578","152.9777374267578"
"1808","755","755","755","152.98065185546875","152.98065185546875","152.98065185546875"
"1809","757","757","757","152.98370361328125","152.98370361328125","152.98370361328125"
"1810","759","759","759","152.98675537109375","152.98675537109375","152.98675537109375"
"1811","761","761","761","152.9899139404297","152.9899139404297","152.9899139404297"
"1812","763","763","763","152.99319458007812","152.99319458007812","152.99319458007812"
"1813","765","765","765","152.9961700439453","152.9961700439453","152.9961700439453"
"1814","767","767","767","152.9991455078125","152.9991455078125","152.9991455078125"
"1815","769","769","769","153.00209045410156","153.00209045410156","153.00209045410156"
"1816","771","771","771","153.00502014160156","153.00502014160156","153.00502014160156"
"1817","773","773","773","153.00802612304688","153.00802612304688","153.00802612304688"
"1818","775","775","775","153.0118408203125","153.0118408203125","153.0118408203125"
"1819","777","777","777","153.01487731933594","153.01487731933594","153.01487731933594"
"1820","779","779","779","153.0182342529297","153.0182342529297","153.0182342529297"
"1821","781","781","781","153.02099609375","153.02099609375","153.02099609375"
"1822","783","783","783","153.0251007080078","153.0251007080078","153.0251007080078"
"1823","785","785","785","153.028564453125","153.028564453125","153.028564453125"
"1824","787","787","787","153.0319366455078","153.0319366455078","153.0319366455078"
"1825","789","789","789","153.03509521484375","153.03509521484375","153.03509521484375"
"1826","791","791","791","153.03883361816406","153.03883361816406","153.03883361816406"
"1827","793","793","793","153.04202270507812","153.04202270507812","153.04202270507812"
"1828","795","795","795","153.045654296875","153.045654296875","153.045654296875"
"1829","797","797","797","153.04908752441406","153.04908752441406","153.04908752441406"
"1830","799","799","799","153.05287170410156","153.05287170410156","153.05287170410156"
"1831","801","801","801","153.05630493164062","153.05630493164062","153.05630493164062"
"1832","803","803","803","153.05995178222656","153.05995178222656","153.05995178222656"
"1833","805","805","805","153.06317138671875","153.06317138671875","153.06317138671875"
"1834","807","807","807","153.06735229492188","153.06735229492188","153.06735229492188"
"1835","809","809","809","153.07029724121094","153.07029724121094","153.07029724121094"
"1836","811","811","811","153.07461547851562","153.07461547851562","153.07461547851562"
"1837","813","813","813","153.07814025878906","153.07814025878906","153.07814025878906"
"1838","815","815","815","153.08200073242188","153.08200073242188","153.08200073242188"
"1839","817","817","817","153.08580017089844","153.08580017089844","153.08580017089844"
"1840","819","819","819","153.0895538330078","153.0895538330078","153.0895538330078"
"1841","821","821","821","153.093017578125","153.093017578125","153.093017578125"
"1842","823","823","823","153.09629821777344","153.09629821777344","153.09629821777344"
"1843","825","825","825","153.09996032714844","153.09996032714844","153.09996032714844"
"1844","827","827","827","153.1034698486328","153.1034698486328","153.1034698486328"
"1845","829","829","829","153.1071014404297","153.1071014404297","153.1071014404297"
"1846","831","831","831","153.11004638671875","153.11004638671875","153.11004638671875"
"1847","833","833","833","153.1138916015625","153.1138916015625","153.1138916015625"
"1848","835","835","835","153.1163787841797","153.1163787841797","153.1163787841797"
"1849","837","837","837","153.1199493408203","153.1199493408203","153.1199493408203"
"1850","839","839","839","153.1234130859375","153.1234130859375","153.1234130859375"
"1851","841","841","841","153.12728881835938","153.12728881835938","153.12728881835938"
"1852","843","843","843","153.1299285888672","153.1299285888672","153.1299285888672"
"1853","845","845","845","153.1331329345703","153.1331329345703","153.1331329345703"
"1854","847","847","847","153.1356658935547","153.1356658935547","153.1356658935547"
"1855","849","849","849","153.13885498046875","153.13885498046875","153.13885498046875"
"1856","851","851","851","153.1420135498047","153.1420135498047","153.1420135498047"
"1857","853","853","853","153.14547729492188","153.14547729492188","153.14547729492188"
"1858","855","855","855","153.1479034423828","153.1479034423828","153.1479034423828"
"1859","857","857","857","153.1512451171875","153.1512451171875","153.1512451171875"
"1860","859","859","859","153.15406799316406","153.15406799316406","153.15406799316406"
"1861","861","861","861","153.15689086914062","153.15689086914062","153.15689086914062"
"1862","863","863","863","153.16038513183594","153.16038513183594","153.16038513183594"
"1863","865","865","865","153.16293334960938","153.16293334960938","153.16293334960938"
"1864","867","867","867","153.16586303710938","153.16586303710938","153.16586303710938"
"1865","869","869","869","153.16859436035156","153.16859436035156","153.16859436035156"
"1866","871","871","871","153.17117309570312","153.17117309570312","153.17117309570312"
"1867","873","873","873","153.17384338378906","153.17384338378906","153.17384338378906"
"1868","875","875","875","153.17660522460938","153.17660522460938","153.17660522460938"
"1869","877","877","877","153.1796875","153.1796875","153.1796875"
"1870","879","879","879","153.18292236328125","153.18292236328125","153.18292236328125"
"1871","881","881","881","153.18576049804688","153.18576049804688","153.18576049804688"
"1872","883","883","883","153.18907165527344","153.18907165527344","153.18907165527344"
"1873","885","885","885","153.19180297851562","153.19180297851562","153.19180297851562"
"1874","887","887","887","153.1947479248047","153.1947479248047","153.1947479248047"
"1875","889","889","889","153.19761657714844","153.19761657714844","153.19761657714844"
"1876","891","891","891","153.20111083984375","153.20111083984375","153.20111083984375"
"1877","893","893","893","153.20379638671875","153.20379638671875","153.20379638671875"
"1878","895","895","895","153.20748901367188","153.20748901367188","153.20748901367188"
"1879","897","897","897","153.20977783203125","153.20977783203125","153.20977783203125"
"1880","899","899","899","153.2128448486328","153.2128448486328","153.2128448486328"
"1881","901","901","901","153.21473693847656","153.21473693847656","153.21473693847656"
"1882","903","903","903","153.2174072265625","153.2174072265625","153.2174072265625"
"1883","905","905","905","153.2200164794922","153.2200164794922","153.2200164794922"
"1884","907","907","907","153.2228240966797","153.2228240966797","153.2228240966797"
"1885","909","909","909","153.22512817382812","153.22512817382812","153.22512817382812"
"1886","911","911","911","153.2275848388672","153.2275848388672","153.2275848388672"
"1887","913","913","913","153.23056030273438","153.23056030273438","153.23056030273438"
"1888","915","915","915","153.2324676513672","153.2324676513672","153.2324676513672"
"1889","917","917","917","153.2356719970703","153.2356719970703","153.2356719970703"
"1890","919","919","919","153.23863220214844","153.23863220214844","153.23863220214844"
"1891","921","921","921","153.24169921875","153.24169921875","153.24169921875"
"1892","923","923","923","153.24456787109375","153.24456787109375","153.24456787109375"
"1893","925","925","925","153.2465057373047","153.2465057373047","153.2465057373047"
"1894","927","927","927","153.24986267089844","153.24986267089844","153.24986267089844"
"1895","929","929","929","153.25289916992188","153.25289916992188","153.25289916992188"
"1896","931","931","931","153.25579833984375","153.25579833984375","153.25579833984375"
"1897","933","933","933","153.25868225097656","153.25868225097656","153.25868225097656"
"1898","935","935","935","153.26156616210938","153.26156616210938","153.26156616210938"
"1899","937","937","937","153.26466369628906","153.26466369628906","153.26466369628906"
"1900","939","939","939","153.2676239013672","153.2676239013672","153.2676239013672"
"1901","941","941","941","153.27032470703125","153.27032470703125","153.27032470703125"
"1902","943","943","943","153.27346801757812","153.27346801757812","153.27346801757812"
"1903","945","945","945","153.2758026123047","153.2758026123047","153.2758026123047"
"1904","947","947","947","153.27838134765625","153.27838134765625","153.27838134765625"
"1905","949","949","949","153.28109741210938","153.28109741210938","153.28109741210938"
"1906","951","951","951","153.2841033935547","153.2841033935547","153.2841033935547"
"1907","953","953","953","153.2872772216797","153.2872772216797","153.2872772216797"
"1908","955","955","955","153.28968811035156","153.28968811035156","153.28968811035156"
"1909","957","957","957","153.2924346923828","153.2924346923828","153.2924346923828"
"1910","959","959","959","153.29525756835938","153.29525756835938","153.29525756835938"
"1911","961","961","961","153.29739379882812","153.29739379882812","153.29739379882812"
"1912","963","963","963","153.30014038085938","153.30014038085938","153.30014038085938"
"1913","965","965","965","153.3023223876953","153.3023223876953","153.3023223876953"
"1914","967","967","967","153.30499267578125","153.30499267578125","153.30499267578125"
"1915","969","969","969","153.30755615234375","153.30755615234375","153.30755615234375"
"1916","971","971","971","153.30975341796875","153.30975341796875","153.30975341796875"
"1917","973","973","973","153.31346130371094","153.31346130371094","153.31346130371094"
"1918","975","975","975","153.31532287597656","153.31532287597656","153.31532287597656"
"1919","977","977","977","153.31790161132812","153.31790161132812","153.31790161132812"
"1920","979","979","979","153.3206329345703","153.3206329345703","153.3206329345703"
"1921","981","981","981","153.32333374023438","153.32333374023438","153.32333374023438"
"1922","983","983","983","153.3260498046875","153.3260498046875","153.3260498046875"
"1923","985","985","985","153.32911682128906","153.32911682128906","153.32911682128906"
"1924","987","987","987","153.33216857910156","153.33216857910156","153.33216857910156"
"1925","989","989","989","153.33413696289062","153.33413696289062","153.33413696289062"
"1926","991","991","991","153.33731079101562","153.33731079101562","153.33731079101562"
"1927","993","993","993","153.3402862548828","153.3402862548828","153.3402862548828"
"1928","995","995","995","153.34262084960938","153.34262084960938","153.34262084960938"
"1929","997","997","997","153.34579467773438","153.34579467773438","153.34579467773438"
"1930","999","999","999","153.34812927246094","153.34812927246094","153.34812927246094"
"1931","1001","1001","1001","153.35101318359375","153.35101318359375","153.35101318359375"
"1932","1003","1003","1003","153.3535614013672","153.3535614013672","153.3535614013672"
"1933","1005","1005","1005","153.35623168945312","153.35623168945312","153.35623168945312"
"1934","1007","1007","1007","153.3594970703125","153.3594970703125","153.3594970703125"
"1935","1009","1009","1009","153.3620147705078","153.3620147705078","153.3620147705078"
"1936","1011","1011","1011","153.36436462402344","153.36436462402344","153.36436462402344"
"1937","1013","1013","1013","153.36727905273438","153.36727905273438","153.36727905273438"
"1938","1015","1015","1015","153.3697509765625","153.3697509765625","153.3697509765625"
"1939","1017","1017","1017","153.37258911132812","153.37258911132812","153.37258911132812"
"1940","1019","1019","1019","153.37498474121094","153.37498474121094","153.37498474121094"
"1941","1021","1021","1021","153.37744140625","153.37744140625","153.37744140625"
"1942","1023","1023","1023","153.3805389404297","153.3805389404297","153.3805389404297"
"1943","1025","1025","1025","153.38282775878906","153.38282775878906","153.38282775878906"
"1944","1027","1027","1027","153.38577270507812","153.38577270507812","153.38577270507812"
"1945","1029","1029","1029","153.38819885253906","153.38819885253906","153.38819885253906"
"1946","1031","1031","1031","153.3901824951172","153.3901824951172","153.3901824951172"
"1947","1033","1033","1033","153.3926544189453","153.3926544189453","153.3926544189453"
"1948","1035","1035","1035","153.39495849609375","153.39495849609375","153.39495849609375"
"1949","1037","1037","1037","153.39764404296875","153.39764404296875","153.39764404296875"
"1950","1039","1039","1039","153.40013122558594","153.40013122558594","153.40013122558594"
"1951","1041","1041","1041","153.40269470214844","153.40269470214844","153.40269470214844"
"1952","1043","1043","1043","153.40585327148438","153.40585327148438","153.40585327148438"
"1953","1045","1045","1045","153.40872192382812","153.40872192382812","153.40872192382812"
"1954","1047","1047","1047","153.41220092773438","153.41220092773438","153.41220092773438"
"1955","1049","1049","1049","153.41500854492188","153.41500854492188","153.41500854492188"
"1956","1051","1051","1051","153.41790771484375","153.41790771484375","153.41790771484375"
"1957","1053","1053","1053","153.4210205078125","153.4210205078125","153.4210205078125"
"1958","1055","1055","1055","153.4236297607422","153.4236297607422","153.4236297607422"
"1959","1057","1057","1057","153.427001953125","153.427001953125","153.427001953125"
"1960","1059","1059","1059","153.42959594726562","153.42959594726562","153.42959594726562"
"1961","1061","1061","1061","153.43228149414062","153.43228149414062","153.43228149414062"
"1962","1063","1063","1063","153.43460083007812","153.43460083007812","153.43460083007812"
"1963","1065","1065","1065","153.43710327148438","153.43710327148438","153.43710327148438"
"1964","1067","1067","1067","153.4395751953125","153.4395751953125","153.4395751953125"
"1965","1069","1069","1069","153.44190979003906","153.44190979003906","153.44190979003906"
"1966","1071","1071","1071","153.4447021484375","153.4447021484375","153.4447021484375"
"1967","1073","1073","1073","153.44717407226562","153.44717407226562","153.44717407226562"
"1968","1075","1075","1075","153.4497833251953","153.4497833251953","153.4497833251953"
"1969","1077","1077","1077","153.45184326171875","153.45184326171875","153.45184326171875"
"1970","1079","1079","1079","153.45474243164062","153.45474243164062","153.45474243164062"
"1971","1081","1081","1081","153.4564208984375","153.4564208984375","153.4564208984375"
"1972","1083","1083","1083","153.459228515625","153.459228515625","153.459228515625"
"1973","1085","1085","1085","153.46124267578125","153.46124267578125","153.46124267578125"
"1974","1087","1087","1087","153.46400451660156","153.46400451660156","153.46400451660156"
"1975","1089","1089","1089","153.46566772460938","153.46566772460938","153.46566772460938"
"1976","1091","1091","1091","153.46824645996094","153.46824645996094","153.46824645996094"
"1977","1093","1093","1093","153.46998596191406","153.46998596191406","153.46998596191406"
"1978","1095","1095","1095","153.47169494628906","153.47169494628906","153.47169494628906"
"1979","1097","1097","1097","153.4739532470703","153.4739532470703","153.4739532470703"
"1980","1099","1099","1099","153.4755859375","153.4755859375","153.4755859375"
"1981","1101","1101","1101","153.47760009765625","153.47760009765625","153.47760009765625"
"1982","1103","1103","1103","153.47946166992188","153.47946166992188","153.47946166992188"
"1983","1105","1105","1105","153.4818115234375","153.4818115234375","153.4818115234375"
"1984","1107","1107","1107","153.48460388183594","153.48460388183594","153.48460388183594"
"1985","1109","1109","1109","153.4865264892578","153.4865264892578","153.4865264892578"
"1986","1111","1111","1111","153.4893035888672","153.4893035888672","153.4893035888672"
"1987","1113","1113","1113","153.4915008544922","153.4915008544922","153.4915008544922"
"1988","1115","1115","1115","153.49423217773438","153.49423217773438","153.49423217773438"
"1989","1117","1117","1117","153.49591064453125","153.49591064453125","153.49591064453125"
"1990","1119","1119","1119","153.49856567382812","153.49856567382812","153.49856567382812"
"1991","1121","1121","1121","153.5008087158203","153.5008087158203","153.5008087158203"
"1992","1123","1123","1123","153.50242614746094","153.50242614746094","153.50242614746094"
"1993","1125","1125","1125","153.50527954101562","153.50527954101562","153.50527954101562"
"1994","1127","1127","1127","153.50674438476562","153.50674438476562","153.50674438476562"
"1995","1129","1129","1129","153.50941467285156","153.50941467285156","153.50941467285156"
"1996","1131","1131","1131","153.51193237304688","153.51193237304688","153.51193237304688"
"1997","1133","1133","1133","153.513916015625","153.513916015625","153.513916015625"
"1998","1135","1135","1135","153.5163116455078","153.5163116455078","153.5163116455078"
"1999","1137","1137","1137","153.519287109375","153.519287109375","153.519287109375"
"2000","1139","1139","1139","153.5222930908203","153.5222930908203","153.5222930908203"
"2001","1141","1141","1141","153.5253143310547","153.5253143310547","153.5253143310547"
"2002","1143","1143","1143","153.52809143066406","153.52809143066406","153.52809143066406"
"2003","1145","1145","1145","153.5306854248047","153.5306854248047","153.5306854248047"
"2004","1147","1147","1147","153.53379821777344","153.53379821777344","153.53379821777344"
"2005","1149","1149","1149","153.5359344482422","153.5359344482422","153.5359344482422"
"2006","1151","1151","1151","153.53948974609375","153.53948974609375","153.53948974609375"
"2007","1153","1153","1153","153.54183959960938","153.54183959960938","153.54183959960938"
"2008","1155","1155","1155","153.54388427734375","153.54388427734375","153.54388427734375"
"2009","1157","1157","1157","153.54672241210938","153.54672241210938","153.54672241210938"
"2010","1159","1159","1159","153.5487060546875","153.5487060546875","153.5487060546875"
"2011","1161","1161","1161","153.55101013183594","153.55101013183594","153.55101013183594"
"2012","1163","1163","1163","153.55294799804688","153.55294799804688","153.55294799804688"
"2013","1165","1165","1165","153.55465698242188","153.55465698242188","153.55465698242188"
"2014","1167","1167","1167","153.5577392578125","153.5577392578125","153.5577392578125"
"2015","1169","1169","1169","153.5604248046875","153.5604248046875","153.5604248046875"
"2016","1171","1171","1171","153.5618438720703","153.5618438720703","153.5618438720703"
"2017","1173","1173","1173","153.56410217285156","153.56410217285156","153.56410217285156"
"2018","1175","1175","1175","153.56573486328125","153.56573486328125","153.56573486328125"
"2019","1177","1177","1177","153.56802368164062","153.56802368164062","153.56802368164062"
"2020","1179","1179","1179","153.5704803466797","153.5704803466797","153.5704803466797"
"2021","1181","1181","1181","153.57241821289062","153.57241821289062","153.57241821289062"
"2022","1183","1183","1183","153.5743408203125","153.5743408203125","153.5743408203125"
"2023","1185","1185","1185","153.5764617919922","153.5764617919922","153.5764617919922"
"2024","1187","1187","1187","153.57899475097656","153.57899475097656","153.57899475097656"
"2025","1189","1189","1189","153.58091735839844","153.58091735839844","153.58091735839844"
"2026","1191","1191","1191","153.58291625976562","153.58291625976562","153.58291625976562"
"2027","1193","1193","1193","153.58514404296875","153.58514404296875","153.58514404296875"
"2028","1195","1195","1195","153.5869903564453","153.5869903564453","153.5869903564453"
"2029","1197","1197","1197","153.58909606933594","153.58909606933594","153.58909606933594"
"2030","1199","1199","1199","153.5916748046875","153.5916748046875","153.5916748046875"
"2031","1201","1201","1201","153.5935516357422","153.5935516357422","153.5935516357422"
"2032","1203","1203","1203","153.5961456298828","153.5961456298828","153.5961456298828"
"2033","1205","1205","1205","153.59877014160156","153.59877014160156","153.59877014160156"
"2034","1207","1207","1207","153.60023498535156","153.60023498535156","153.60023498535156"
"2035","1209","1209","1209","153.60208129882812","153.60208129882812","153.60208129882812"
"2036","1211","1211","1211","153.60452270507812","153.60452270507812","153.60452270507812"
"2037","1213","1213","1213","153.60604858398438","153.60604858398438","153.60604858398438"
"2038","1215","1215","1215","153.60813903808594","153.60813903808594","153.60813903808594"
"2039","1217","1217","1217","153.60963439941406","153.60963439941406","153.60963439941406"
"2040","1219","1219","1219","153.61236572265625","153.61236572265625","153.61236572265625"
"2041","1221","1221","1221","153.6144256591797","153.6144256591797","153.6144256591797"
"2042","1223","1223","1223","153.6167449951172","153.6167449951172","153.6167449951172"
"2043","1225","1225","1225","153.6185760498047","153.6185760498047","153.6185760498047"
"2044","1227","1227","1227","153.62063598632812","153.62063598632812","153.62063598632812"
"2045","1229","1229","1229","153.62265014648438","153.62265014648438","153.62265014648438"
"2046","1231","1231","1231","153.62432861328125","153.62432861328125","153.62432861328125"
"2047","1233","1233","1233","153.6267547607422","153.6267547607422","153.6267547607422"
"2048","1235","1235","1235","153.62843322753906","153.62843322753906","153.62843322753906"
"2049","1237","1237","1237","153.63023376464844","153.63023376464844","153.63023376464844"
"2050","1239","1239","1239","153.63214111328125","153.63214111328125","153.63214111328125"
"2051","1241","1241","1241","153.63449096679688","153.63449096679688","153.63449096679688"
"2052","1243","1243","1243","153.636474609375","153.636474609375","153.636474609375"
"2053","1245","1245","1245","153.63821411132812","153.63821411132812","153.63821411132812"
"2054","1247","1247","1247","153.63998413085938","153.63998413085938","153.63998413085938"
"2055","1249","1249","1249","153.6423797607422","153.6423797607422","153.6423797607422"
"2056","1251","1251","1251","153.64356994628906","153.64356994628906","153.64356994628906"
"2057","1253","1253","1253","153.64584350585938","153.64584350585938","153.64584350585938"
"2058","1255","1255","1255","153.64801025390625","153.64801025390625","153.64801025390625"
"2059","1257","1257","1257","153.64971923828125","153.64971923828125","153.64971923828125"
"2060","1259","1259","1259","153.65122985839844","153.65122985839844","153.65122985839844"
"2061","1261","1261","1261","153.65306091308594","153.65306091308594","153.65306091308594"
"2062","1263","1263","1263","153.65464782714844","153.65464782714844","153.65464782714844"
"2063","1265","1265","1265","153.6566925048828","153.6566925048828","153.6566925048828"
"2064","1267","1267","1267","153.65843200683594","153.65843200683594","153.65843200683594"
"2065","1269","1269","1269","153.65994262695312","153.65994262695312","153.65994262695312"
"2066","1271","1271","1271","153.6625518798828","153.6625518798828","153.6625518798828"
"2067","1273","1273","1273","153.66412353515625","153.66412353515625","153.66412353515625"
"2068","1275","1275","1275","153.666748046875","153.666748046875","153.666748046875"
"2069","1277","1277","1277","153.66873168945312","153.66873168945312","153.66873168945312"
"2070","1279","1279","1279","153.67019653320312","153.67019653320312","153.67019653320312"
"2071","1281","1281","1281","153.6719512939453","153.6719512939453","153.6719512939453"
"2072","1283","1283","1283","153.67333984375","153.67333984375","153.67333984375"
"2073","1285","1285","1285","153.67503356933594","153.67503356933594","153.67503356933594"
"2074","1287","1287","1287","153.67686462402344","153.67686462402344","153.67686462402344"
"2075","1289","1289","1289","153.67840576171875","153.67840576171875","153.67840576171875"
"2076","1291","1291","1291","153.6802215576172","153.6802215576172","153.6802215576172"
"2077","1293","1293","1293","153.6815643310547","153.6815643310547","153.6815643310547"
"2078","1295","1295","1295","153.6833038330078","153.6833038330078","153.6833038330078"
"2079","1297","1297","1297","153.6841583251953","153.6841583251953","153.6841583251953"
"2080","1299","1299","1299","153.68594360351562","153.68594360351562","153.68594360351562"
"2081","1301","1301","1301","153.68739318847656","153.68739318847656","153.68739318847656"
"2082","1303","1303","1303","153.68865966796875","153.68865966796875","153.68865966796875"
"2083","1305","1305","1305","153.6901397705078","153.6901397705078","153.6901397705078"
"2084","1307","1307","1307","153.6914520263672","153.6914520263672","153.6914520263672"
"2085","1309","1309","1309","153.6933135986328","153.6933135986328","153.6933135986328"
"2086","1311","1311","1311","153.69525146484375","153.69525146484375","153.69525146484375"
"2087","1313","1313","1313","153.69741821289062","153.69741821289062","153.69741821289062"
"2088","1315","1315","1315","153.6992950439453","153.6992950439453","153.6992950439453"
"2089","1317","1317","1317","153.7015838623047","153.7015838623047","153.7015838623047"
"2090","1319","1319","1319","153.7031707763672","153.7031707763672","153.7031707763672"
"2091","1321","1321","1321","153.7059326171875","153.7059326171875","153.7059326171875"
"2092","1323","1323","1323","153.70767211914062","153.70767211914062","153.70767211914062"
"2093","1325","1325","1325","153.7097625732422","153.7097625732422","153.7097625732422"
"2094","1327","1327","1327","153.71226501464844","153.71226501464844","153.71226501464844"
"2095","1329","1329","1329","153.71356201171875","153.71356201171875","153.71356201171875"
"2096","1331","1331","1331","153.715576171875","153.715576171875","153.715576171875"
"2097","1333","1333","1333","153.71780395507812","153.71780395507812","153.71780395507812"
"2098","1335","1335","1335","153.71878051757812","153.71878051757812","153.71878051757812"
"2099","1337","1337","1337","153.7205810546875","153.7205810546875","153.7205810546875"
"2100","1339","1339","1339","153.72210693359375","153.72210693359375","153.72210693359375"
"2101","1341","1341","1341","153.72393798828125","153.72393798828125","153.72393798828125"
"2102","1343","1343","1343","153.72525024414062","153.72525024414062","153.72525024414062"
"2103","1345","1345","1345","153.727294921875","153.727294921875","153.727294921875"
"2104","1347","1347","1347","153.72879028320312","153.72879028320312","153.72879028320312"
"2105","1349","1349","1349","153.7303009033203","153.7303009033203","153.7303009033203"
"2106","1351","1351","1351","153.73153686523438","153.73153686523438","153.73153686523438"
"2107","1353","1353","1353","153.73374938964844","153.73374938964844","153.73374938964844"
"2108","1355","1355","1355","153.73492431640625","153.73492431640625","153.73492431640625"
"2109","1357","1357","1357","153.73622131347656","153.73622131347656","153.73622131347656"
"2110","1359","1359","1359","153.73678588867188","153.73678588867188","153.73678588867188"
"2111","1361","1361","1361","153.738037109375","153.738037109375","153.738037109375"
"2112","1363","1363","1363","153.73948669433594","153.73948669433594","153.73948669433594"
"2113","1365","1365","1365","153.74119567871094","153.74119567871094","153.74119567871094"
"2114","1367","1367","1367","153.74290466308594","153.74290466308594","153.74290466308594"
"2115","1369","1369","1369","153.74415588378906","153.74415588378906","153.74415588378906"
"2116","1371","1371","1371","153.74517822265625","153.74517822265625","153.74517822265625"
"2117","1373","1373","1373","153.74693298339844","153.74693298339844","153.74693298339844"
"2118","1375","1375","1375","153.7489471435547","153.7489471435547","153.7489471435547"
"2119","1377","1377","1377","153.75027465820312","153.75027465820312","153.75027465820312"
"2120","1379","1379","1379","153.7513885498047","153.7513885498047","153.7513885498047"
"2121","1381","1381","1381","153.75299072265625","153.75299072265625","153.75299072265625"
"2122","1383","1383","1383","153.75413513183594","153.75413513183594","153.75413513183594"
"2123","1385","1385","1385","153.75558471679688","153.75558471679688","153.75558471679688"
"2124","1387","1387","1387","153.75723266601562","153.75723266601562","153.75723266601562"
"2125","1389","1389","1389","153.7587890625","153.7587890625","153.7587890625"
"2126","1391","1391","1391","153.76072692871094","153.76072692871094","153.76072692871094"
"2127","1393","1393","1393","153.76242065429688","153.76242065429688","153.76242065429688"
"2128","1395","1395","1395","153.76454162597656","153.76454162597656","153.76454162597656"
"2129","1397","1397","1397","153.76626586914062","153.76626586914062","153.76626586914062"
"2130","1399","1399","1399","153.7683868408203","153.7683868408203","153.7683868408203"
"2131","1401","1401","1401","153.76986694335938","153.76986694335938","153.76986694335938"
"2132","1403","1403","1403","153.7716827392578","153.7716827392578","153.7716827392578"
"2133","1405","1405","1405","153.7732391357422","153.7732391357422","153.7732391357422"
"2134","1407","1407","1407","153.77418518066406","153.77418518066406","153.77418518066406"
"2135","1409","1409","1409","153.77584838867188","153.77584838867188","153.77584838867188"
"2136","1411","1411","1411","153.7774200439453","153.7774200439453","153.7774200439453"
"2137","1413","1413","1413","153.77894592285156","153.77894592285156","153.77894592285156"
"2138","1415","1415","1415","153.77980041503906","153.77980041503906","153.77980041503906"
"2139","1417","1417","1417","153.78207397460938","153.78207397460938","153.78207397460938"
"2140","1419","1419","1419","153.78384399414062","153.78384399414062","153.78384399414062"
"2141","1421","1421","1421","153.78501892089844","153.78501892089844","153.78501892089844"
"2142","1423","1423","1423","153.78724670410156","153.78724670410156","153.78724670410156"
"2143","1425","1425","1425","153.78895568847656","153.78895568847656","153.78895568847656"
"2144","1427","1427","1427","153.79026794433594","153.79026794433594","153.79026794433594"
"2145","1429","1429","1429","153.79144287109375","153.79144287109375","153.79144287109375"
"2146","1431","1431","1431","153.79275512695312","153.79275512695312","153.79275512695312"
"2147","1433","1433","1433","153.79454040527344","153.79454040527344","153.79454040527344"
"2148","1435","1435","1435","153.79537963867188","153.79537963867188","153.79537963867188"
"2149","1437","1437","1437","153.79632568359375","153.79632568359375","153.79632568359375"
"2150","1439","1439","1439","153.7981719970703","153.7981719970703","153.7981719970703"
"2151","1441","1441","1441","153.79953002929688","153.79953002929688","153.79953002929688"
"2152","1443","1443","1443","153.80157470703125","153.80157470703125","153.80157470703125"
"2153","1445","1445","1445","153.8025360107422","153.8025360107422","153.8025360107422"
"2154","1447","1447","1447","153.8041534423828","153.8041534423828","153.8041534423828"
"2155","1449","1449","1449","153.80548095703125","153.80548095703125","153.80548095703125"
"2156","1451","1451","1451","153.80682373046875","153.80682373046875","153.80682373046875"
"2157","1453","1453","1453","153.80783081054688","153.80783081054688","153.80783081054688"
"2158","1455","1455","1455","153.80859375","153.80859375","153.80859375"
"2159","1457","1457","1457","153.8092498779297","153.8092498779297","153.8092498779297"
"2160","1459","1459","1459","153.81005859375","153.81005859375","153.81005859375"
"2161","1461","1461","1461","153.810546875","153.810546875","153.810546875"
"2162","1463","1463","1463","153.81198120117188","153.81198120117188","153.81198120117188"
"2163","1465","1465","1465","153.8129119873047","153.8129119873047","153.8129119873047"
"2164","1467","1467","1467","153.8136749267578","153.8136749267578","153.8136749267578"
"2165","1469","1469","1469","153.81480407714844","153.81480407714844","153.81480407714844"
"2166","1471","1471","1471","153.81529235839844","153.81529235839844","153.81529235839844"
"2167","1473","1473","1473","153.817626953125","153.817626953125","153.817626953125"
"2168","1475","1475","1475","153.81820678710938","153.81820678710938","153.81820678710938"
"2169","1477","1477","1477","153.81971740722656","153.81971740722656","153.81971740722656"
"2170","1479","1479","1479","153.8216552734375","153.8216552734375","153.8216552734375"
"2171","1481","1481","1481","153.8230438232422","153.8230438232422","153.8230438232422"
"2172","1483","1483","1483","153.8240509033203","153.8240509033203","153.8240509033203"
"2173","1485","1485","1485","153.82569885253906","153.82569885253906","153.82569885253906"
"2174","1487","1487","1487","153.8263397216797","153.8263397216797","153.8263397216797"
"2175","1489","1489","1489","153.82835388183594","153.82835388183594","153.82835388183594"
"2176","1491","1491","1491","153.83009338378906","153.83009338378906","153.83009338378906"
"2177","1493","1493","1493","153.83102416992188","153.83102416992188","153.83102416992188"
"2178","1495","1495","1495","153.8326873779297","153.8326873779297","153.8326873779297"
"2179","1497","1497","1497","153.83375549316406","153.83375549316406","153.83375549316406"
"2180","1499","1499","1499","153.83534240722656","153.83534240722656","153.83534240722656"
"2181","1501","1501","1501","153.83680725097656","153.83680725097656","153.83680725097656"
"2182","1503","1503","1503","153.8385772705078","153.8385772705078","153.8385772705078"
"2183","1505","1505","1505","153.8402862548828","153.8402862548828","153.8402862548828"
"2184","1507","1507","1507","153.84117126464844","153.84117126464844","153.84117126464844"
"2185","1509","1509","1509","153.84283447265625","153.84283447265625","153.84283447265625"
"2186","1511","1511","1511","153.8443603515625","153.8443603515625","153.8443603515625"
"2187","1513","1513","1513","153.84555053710938","153.84555053710938","153.84555053710938"
"2188","1515","1515","1515","153.84718322753906","153.84718322753906","153.84718322753906"
"2189","1517","1517","1517","153.84776306152344","153.84776306152344","153.84776306152344"
"2190","1519","1519","1519","153.8494873046875","153.8494873046875","153.8494873046875"
"2191","1521","1521","1521","153.85079956054688","153.85079956054688","153.85079956054688"
"2192","1523","1523","1523","153.85202026367188","153.85202026367188","153.85202026367188"
"2193","1525","1525","1525","153.85403442382812","153.85403442382812","153.85403442382812"
"2194","1527","1527","1527","153.85528564453125","153.85528564453125","153.85528564453125"
"2195","1529","1529","1529","153.85684204101562","153.85684204101562","153.85684204101562"
"2196","1531","1531","1531","153.85833740234375","153.85833740234375","153.85833740234375"
"2197","1533","1533","1533","153.86013793945312","153.86013793945312","153.86013793945312"
"2198","1535","1535","1535","153.86212158203125","153.86212158203125","153.86212158203125"
"2199","1537","1537","1537","153.86402893066406","153.86402893066406","153.86402893066406"
"2200","1539","1539","1539","153.86537170410156","153.86537170410156","153.86537170410156"
"2201","1541","1541","1541","153.86734008789062","153.86734008789062","153.86734008789062"
"2202","1543","1543","1543","153.86911010742188","153.86911010742188","153.86911010742188"
"2203","1545","1545","1545","153.87014770507812","153.87014770507812","153.87014770507812"
"2204","1547","1547","1547","153.87210083007812","153.87210083007812","153.87210083007812"
"2205","1549","1549","1549","153.87274169921875","153.87274169921875","153.87274169921875"
"2206","1551","1551","1551","153.8744659423828","153.8744659423828","153.8744659423828"
"2207","1553","1553","1553","153.87564086914062","153.87564086914062","153.87564086914062"
"2208","1555","1555","1555","153.87660217285156","153.87660217285156","153.87660217285156"
"2209","1557","1557","1557","153.8781280517578","153.8781280517578","153.8781280517578"
"2210","1559","1559","1559","153.8798828125","153.8798828125","153.8798828125"
"2211","1561","1561","1561","153.88096618652344","153.88096618652344","153.88096618652344"
"2212","1563","1563","1563","153.8816375732422","153.8816375732422","153.8816375732422"
"2213","1565","1565","1565","153.88304138183594","153.88304138183594","153.88304138183594"
"2214","1567","1567","1567","153.88441467285156","153.88441467285156","153.88441467285156"
"2215","1569","1569","1569","153.884765625","153.884765625","153.884765625"
"2216","1571","1571","1571","153.88563537597656","153.88563537597656","153.88563537597656"
"2217","1573","1573","1573","153.88613891601562","153.88613891601562","153.88613891601562"
"2218","1575","1575","1575","153.88638305664062","153.88638305664062","153.88638305664062"
"2219","1577","1577","1577","153.88746643066406","153.88746643066406","153.88746643066406"
"2220","1579","1579","1579","153.88833618164062","153.88833618164062","153.88833618164062"
"2221","1581","1581","1581","153.8893280029297","153.8893280029297","153.8893280029297"
"2222","1583","1583","1583","153.88967895507812","153.88967895507812","153.88967895507812"
"2223","1585","1585","1585","153.89027404785156","153.89027404785156","153.89027404785156"
"2224","1587","1587","1587","153.88983154296875","153.88983154296875","153.88983154296875"
"2225","1589","1589","1589","153.8896026611328","153.8896026611328","153.8896026611328"
"2226","1591","1591","1591","153.8900604248047","153.8900604248047","153.8900604248047"
"2227","1593","1593","1593","153.8895263671875","153.8895263671875","153.8895263671875"
"2228","1595","1595","1595","153.88914489746094","153.88914489746094","153.88914489746094"
"2229","1597","1597","1597","153.88890075683594","153.88890075683594","153.88890075683594"
"2230","1599","1599","1599","153.8881072998047","153.8881072998047","153.8881072998047"
"2231","1601","1601","1601","153.88742065429688","153.88742065429688","153.88742065429688"
"2232","1603","1603","1603","153.8860626220703","153.8860626220703","153.8860626220703"
"2233","1605","1605","1605","153.8844451904297","153.8844451904297","153.8844451904297"
"2234","1607","1607","1607","153.8836669921875","153.8836669921875","153.8836669921875"
"2235","1609","1609","1609","153.881591796875","153.881591796875","153.881591796875"
"2236","1611","1611","1611","153.8799591064453","153.8799591064453","153.8799591064453"
"2237","1613","1613","1613","153.87876892089844","153.87876892089844","153.87876892089844"
"2238","1615","1615","1615","153.87709045410156","153.87709045410156","153.87709045410156"
"2239","1617","1617","1617","153.87551879882812","153.87551879882812","153.87551879882812"
"2240","1619","1619","1619","153.87384033203125","153.87384033203125","153.87384033203125"
"2241","1621","1621","1621","153.8716278076172","153.8716278076172","153.8716278076172"
"2242","1623","1623","1623","153.86993408203125","153.86993408203125","153.86993408203125"
"2243","1625","1625","1625","153.86866760253906","153.86866760253906","153.86866760253906"
"2244","1627","1627","1627","153.86679077148438","153.86679077148438","153.86679077148438"
"2245","1629","1629","1629","153.8646240234375","153.8646240234375","153.8646240234375"
"2246","1631","1631","1631","153.8627166748047","153.8627166748047","153.8627166748047"
"2247","1633","1633","1633","153.86032104492188","153.86032104492188","153.86032104492188"
"2248","1635","1635","1635","153.858154296875","153.858154296875","153.858154296875"
"2249","1637","1637","1637","153.85549926757812","153.85549926757812","153.85549926757812"
"2250","1639","1639","1639","153.85238647460938","153.85238647460938","153.85238647460938"
"2251","1641","1641","1641","153.84915161132812","153.84915161132812","153.84915161132812"
"2252","1643","1643","1643","153.84642028808594","153.84642028808594","153.84642028808594"
"2253","1645","1645","1645","153.84262084960938","153.84262084960938","153.84262084960938"
"2254","1647","1647","1647","153.83868408203125","153.83868408203125","153.83868408203125"
"2255","1649","1649","1649","153.83485412597656","153.83485412597656","153.83485412597656"
"2256","1651","1651","1651","153.8307647705078","153.8307647705078","153.8307647705078"
"2257","1653","1653","1653","153.82659912109375","153.82659912109375","153.82659912109375"
"2258","1655","1655","1655","153.8219757080078","153.8219757080078","153.8219757080078"
"2259","1657","1657","1657","153.8174591064453","153.8174591064453","153.8174591064453"
"2260","1659","1659","1659","153.81314086914062","153.81314086914062","153.81314086914062"
"2261","1661","1661","1661","153.80856323242188","153.80856323242188","153.80856323242188"
"2262","1663","1663","1663","153.8039093017578","153.8039093017578","153.8039093017578"
"2263","1665","1665","1665","153.799072265625","153.799072265625","153.799072265625"
"2264","1667","1667","1667","153.794189453125","153.794189453125","153.794189453125"
"2265","1669","1669","1669","153.78993225097656","153.78993225097656","153.78993225097656"
"2266","1671","1671","1671","153.78543090820312","153.78543090820312","153.78543090820312"
"2267","1673","1673","1673","153.7802734375","153.7802734375","153.7802734375"
"2268","1675","1675","1675","153.77525329589844","153.77525329589844","153.77525329589844"
"2269","1677","1677","1677","153.77008056640625","153.77008056640625","153.77008056640625"
"2270","1679","1679","1679","153.7647705078125","153.7647705078125","153.7647705078125"
"2271","1681","1681","1681","153.75942993164062","153.75942993164062","153.75942993164062"
"2272","1683","1683","1683","153.75390625","153.75390625","153.75390625"
"2273","1685","1685","1685","153.74819946289062","153.74819946289062","153.74819946289062"
"2274","1687","1687","1687","153.74217224121094","153.74217224121094","153.74217224121094"
"2275","1689","1689","1689","153.73550415039062","153.73550415039062","153.73550415039062"
"2276","1691","1691","1691","153.7286834716797","153.7286834716797","153.7286834716797"
"2277","1693","1693","1693","153.72166442871094","153.72166442871094","153.72166442871094"
"2278","1695","1695","1695","153.71485900878906","153.71485900878906","153.71485900878906"
"2279","1697","1697","1697","153.70848083496094","153.70848083496094","153.70848083496094"
"2280","1699","1699","1699","153.7015380859375","153.7015380859375","153.7015380859375"
"2281","1701","1701","1701","153.69444274902344","153.69444274902344","153.69444274902344"
"2282","1703","1703","1703","153.68768310546875","153.68768310546875","153.68768310546875"
"2283","1705","1705","1705","153.68016052246094","153.68016052246094","153.68016052246094"
"2284","1707","1707","1707","153.6722869873047","153.6722869873047","153.6722869873047"
"2285","1709","1709","1709","153.66416931152344","153.66416931152344","153.66416931152344"
"2286","1711","1711","1711","153.6558074951172","153.6558074951172","153.6558074951172"
"2287","1713","1713","1713","153.6475830078125","153.6475830078125","153.6475830078125"
"2288","1715","1715","1715","153.63832092285156","153.63832092285156","153.63832092285156"
"2289","1717","1717","1717","153.62850952148438","153.62850952148438","153.62850952148438"
"2290","1719","1719","1719","153.61915588378906","153.61915588378906","153.61915588378906"
"2291","1721","1721","1721","153.60960388183594","153.60960388183594","153.60960388183594"
"2292","1723","1723","1723","153.5999298095703","153.5999298095703","153.5999298095703"
"2293","1725","1725","1725","153.59034729003906","153.59034729003906","153.59034729003906"
"2294","1727","1727","1727","153.58026123046875","153.58026123046875","153.58026123046875"
"2295","1729","1729","1729","153.56993103027344","153.56993103027344","153.56993103027344"
"2296","1731","1731","1731","153.5597686767578","153.5597686767578","153.5597686767578"
"2297","1733","1733","1733","153.54925537109375","153.54925537109375","153.54925537109375"
"2298","1735","1735","1735","153.53932189941406","153.53932189941406","153.53932189941406"
"2299","1737","1737","1737","153.52935791015625","153.52935791015625","153.52935791015625"
"2300","1739","1739","1739","153.51907348632812","153.51907348632812","153.51907348632812"
"2301","1741","1741","1741","153.50894165039062","153.50894165039062","153.50894165039062"
"2302","1743","1743","1743","153.49911499023438","153.49911499023438","153.49911499023438"
"2303","1745","1745","1745","153.4886474609375","153.4886474609375","153.4886474609375"
"2304","1747","1747","1747","153.47833251953125","153.47833251953125","153.47833251953125"
"2305","1749","1749","1749","153.46817016601562","153.46817016601562","153.46817016601562"
"2306","1751","1751","1751","153.457763671875","153.457763671875","153.457763671875"
"2307","1753","1753","1753","153.447265625","153.447265625","153.447265625"
"2308","1755","1755","1755","153.4369354248047","153.4369354248047","153.4369354248047"
"2309","1757","1757","1757","153.42642211914062","153.42642211914062","153.42642211914062"
"2310","1759","1759","1759","153.41583251953125","153.41583251953125","153.41583251953125"
"2311","1761","1761","1761","153.40541076660156","153.40541076660156","153.40541076660156"
"2312","1763","1763","1763","153.39439392089844","153.39439392089844","153.39439392089844"
"2313","1765","1765","1765","153.3834228515625","153.3834228515625","153.3834228515625"
"2314","1767","1767","1767","153.3722686767578","153.3722686767578","153.3722686767578"
"2315","1769","1769","1769","153.36050415039062","153.36050415039062","153.36050415039062"
"2316","1771","1771","1771","153.34921264648438","153.34921264648438","153.34921264648438"
"2317","1773","1773","1773","153.3385467529297","153.3385467529297","153.3385467529297"
"2318","1775","1775","1775","153.32765197753906","153.32765197753906","153.32765197753906"
"2319","1777","1777","1777","153.3171844482422","153.3171844482422","153.3171844482422"
"2320","1779","1779","1779","153.306884765625","153.306884765625","153.306884765625"
"2321","1781","1781","1781","153.2965850830078","153.2965850830078","153.2965850830078"
"2322","1783","1783","1783","153.28651428222656","153.28651428222656","153.28651428222656"
"2323","1785","1785","1785","153.27655029296875","153.27655029296875","153.27655029296875"
"2324","1787","1787","1787","153.26669311523438","153.26669311523438","153.26669311523438"
"2325","1789","1789","1789","153.25653076171875","153.25653076171875","153.25653076171875"
"2326","1791","1791","1791","153.24630737304688","153.24630737304688","153.24630737304688"
"2327","1793","1793","1793","153.23626708984375","153.23626708984375","153.23626708984375"
"2328","1795","1795","1795","153.2261505126953","153.2261505126953","153.2261505126953"
"2329","1797","1797","1797","153.2158966064453","153.2158966064453","153.2158966064453"
"2330","1799","1799","1799","153.2058563232422","153.2058563232422","153.2058563232422"
"2331","1801","1801","1801","153.19602966308594","153.19602966308594","153.19602966308594"
"2332","1803","1803","1803","153.18649291992188","153.18649291992188","153.18649291992188"
"2333","1805","1805","1805","153.17691040039062","153.17691040039062","153.17691040039062"
"2334","1807","1807","1807","153.16751098632812","153.16751098632812","153.16751098632812"
"2335","1809","1809","1809","153.15789794921875","153.15789794921875","153.15789794921875"
"2336","1811","1811","1811","153.148193359375","153.148193359375","153.148193359375"
"2337","1813","1813","1813","153.1384735107422","153.1384735107422","153.1384735107422"
"2338","1815","1815","1815","153.12867736816406","153.12867736816406","153.12867736816406"
"2339","1817","1817","1817","153.1186981201172","153.1186981201172","153.1186981201172"
"2340","1819","1819","1819","153.10928344726562","153.10928344726562","153.10928344726562"
"2341","1821","1821","1821","153.0998077392578","153.0998077392578","153.0998077392578"
"2342","1823","1823","1823","153.09002685546875","153.09002685546875","153.09002685546875"
"2343","1825","1825","1825","153.0797576904297","153.0797576904297","153.0797576904297"
"2344","1827","1827","1827","153.0701141357422","153.0701141357422","153.0701141357422"
"2345","1829","1829","1829","153.06114196777344","153.06114196777344","153.06114196777344"
"2346","1831","1831","1831","153.0517578125","153.0517578125","153.0517578125"
"2347","1833","1833","1833","153.0419464111328","153.0419464111328","153.0419464111328"
"2348","1835","1835","1835","153.0321502685547","153.0321502685547","153.0321502685547"
"2349","1837","1837","1837","153.02259826660156","153.02259826660156","153.02259826660156"
"2350","1839","1839","1839","153.01332092285156","153.01332092285156","153.01332092285156"
"2351","1841","1841","1841","153.00387573242188","153.00387573242188","153.00387573242188"
"2352","1843","1843","1843","152.99459838867188","152.99459838867188","152.99459838867188"
"2353","1845","1845","1845","152.98541259765625","152.98541259765625","152.98541259765625"
"2354","1847","1847","1847","152.97596740722656","152.97596740722656","152.97596740722656"
"2355","1849","1849","1849","152.9666748046875","152.9666748046875","152.9666748046875"
"2356","1851","1851","1851","152.95767211914062","152.95767211914062","152.95767211914062"
"2357","1853","1853","1853","152.948486328125","152.948486328125","152.948486328125"
"2358","1855","1855","1855","152.9393768310547","152.9393768310547","152.9393768310547"
"2359","1857","1857","1857","152.9298858642578","152.9298858642578","152.9298858642578"
"2360","1859","1859","1859","152.9208984375","152.9208984375","152.9208984375"