"optimizer_step","recur1b-mig-234 - _step","recur1b-mig-234 - _step__MIN","recur1b-mig-234 - _step__MAX","recur1b-mig-234 - global_loss","recur1b-mig-234 - global_loss__MIN","recur1b-mig-234 - global_loss__MAX"
"1430","0","0","0","4.288774490356445","4.288774490356445","4.288774490356445"
"1431","1.5","1","2","7.790136098861694","6.355069637298584","9.225202560424805"
"1432","3.5","3","4","8.353271007537842","7.370745658874512","9.335796356201172"
"1433","5.5","5","6","7.112371921539307","6.759446144104004","7.465297698974609"
"1434","7.5","7","8","6.768436908721924","6.758941650390625","6.777932167053223"
"1435","9.5","9","10","6.504567861557007","6.123654365539551","6.885481357574463"
"1436","11.5","11","12","6.187279224395752","6.050966262817383","6.323592185974121"
"1437","13.5","13","14","5.969176292419434","5.840054512023926","6.098298072814941"
"1438","15.5","15","16","5.8206188678741455","5.73763370513916","5.903604030609131"
"1439","17.5","17","18","5.724270820617676","5.654911994934082","5.7936296463012695"
"1440","19.5","19","20","5.238198757171631","4.818945407867432","5.65745210647583"
"1441","21.5","21","22","4.653041839599609","4.328733444213867","4.977350234985352"
"1442","23.5","23","24","4.249819755554199","4.0694580078125","4.430181503295898"
"1443","25.5","25","26","3.8399773836135864","3.7018258571624756","3.9781289100646973"
"1444","27.5","27","28","3.6593698263168335","3.5760669708251953","3.7426726818084717"
"1445","29.5","29","30","3.5842082500457764","3.5138161182403564","3.6546003818511963"
"1446","31.5","31","32","3.467378854751587","3.3761050701141357","3.558652639389038"
"1447","33.5","33","34","3.4148879051208496","3.3836216926574707","3.4461541175842285"
"1448","35.5","35","36","3.2609407901763916","3.245819091796875","3.276062488555908"
"1449","37.5","37","38","3.17286217212677","3.1380696296691895","3.2076547145843506"
"1450","39.5","39","40","3.133531928062439","3.123180389404297","3.143883466720581"
"1451","41.5","41","42","3.193593144416809","3.0708556175231934","3.316330671310425"
"1452","43.5","43","44","3.1171759366989136","3.0712952613830566","3.1630566120147705"
"1453","45.5","45","46","3.1272685527801514","3.0975472927093506","3.156989812850952"
"1454","47.5","47","48","3.0981783866882324","3.0643038749694824","3.1320528984069824"
"1455","49.5","49","50","3.0836520195007324","3.020934581756592","3.146369457244873"
"1456","51.5","51","52","3.063278079032898","2.9679408073425293","3.1586153507232666"
"1457","53.5","53","54","3.0369181632995605","2.986154794692993","3.087681531906128"
"1458","55.5","55","56","3.0446596145629883","3.012653350830078","3.0766658782958984"
"1459","57.5","57","58","3.0206761360168457","2.9707446098327637","3.0706076622009277"
"1460","59.5","59","60","2.9284067153930664","2.861851692199707","2.994961738586426"
"1461","61.5","61","62","2.9971855878829956","2.983093738555908","3.011277437210083"
"1462","63.5","63","64","2.8667564392089844","2.855160713195801","2.878352165222168"
"1463","65.5","65","66","2.9229248762130737","2.9103548526763916","2.935494899749756"
"1464","67.5","67","68","3.0279167890548706","3.0191268920898438","3.0367066860198975"
"1465","69.5","69","70","2.971464157104492","2.938235282897949","3.004693031311035"
"1466","71.5","71","72","2.928826332092285","2.9104301929473877","2.9472224712371826"
"1467","73.5","73","74","2.940609931945801","2.866819381713867","3.0144004821777344"
"1468","75.5","75","76","2.945983409881592","2.9326703548431396","2.959296464920044"
"1469","77.5","77","78","2.9356608390808105","2.928051471710205","2.943270206451416"
"1470","79.5","79","80","2.8887298107147217","2.8227176666259766","2.954741954803467"
"1471","81.5","81","82","2.9207884073257446","2.9065475463867188","2.9350292682647705"
"1472","83.5","83","84","2.9737366437911987","2.958284854888916","2.9891884326934814"
"1473","85.5","85","86","2.9153891801834106","2.8907010555267334","2.940077304840088"
"1474","87.5","87","88","2.8926602602005005","2.847029685974121","2.93829083442688"
"1475","89.5","89","90","2.9016209840774536","2.896721124649048","2.9065208435058594"
"1476","91.5","91","92","2.8907713890075684","2.85189151763916","2.9296512603759766"
"1477","93.5","93","94","2.85857617855072","2.8246583938598633","2.892493963241577"
"1478","95.5","95","96","2.9213931560516357","2.8530056476593018","2.9897806644439697"
"1479","97.5","97","98","2.7973430156707764","2.7388663291931152","2.8558197021484375"
"1480","99.5","99","100","2.8153032064437866","2.7626442909240723","2.867962121963501"
"1481","101.5","101","102","2.835555911064148","2.833723306655884","2.837388515472412"
"1482","103.5","103","104","2.8412665128707886","2.7935829162597656","2.8889501094818115"
"1483","105.5","105","106","2.7842923402786255","2.7693569660186768","2.799227714538574"
"1484","107.5","107","108","2.8883211612701416","2.8657970428466797","2.9108452796936035"
"1485","109.5","109","110","2.7901047468185425","2.786217451095581","2.793992042541504"
"1486","111.5","111","112","2.8210588693618774","2.78401517868042","2.858102560043335"
"1487","113.5","113","114","2.873949646949768","2.8320045471191406","2.9158947467803955"
"1488","115.5","115","116","2.78467333316803","2.7657151222229004","2.803631544113159"
"1489","117.5","117","118","2.757411241531372","2.7112746238708496","2.8035478591918945"
"1490","119.5","119","120","2.741066813468933","2.626645088195801","2.8554885387420654"
"1491","121.5","121","122","2.735961437225342","2.659292459487915","2.8126304149627686"
"1492","123.5","123","124","2.8346720933914185","2.804464817047119","2.8648793697357178"
"1493","125.5","125","126","2.8446154594421387","2.8062186241149902","2.883012294769287"
"1494","127.5","127","128","2.80605411529541","2.8015146255493164","2.810593605041504"
"1495","129.5","129","130","2.7842259407043457","2.697227954864502","2.8712239265441895"
"1496","131.5","131","132","2.850216031074524","2.838646411895752","2.861785650253296"
"1497","133.5","133","134","2.7852227687835693","2.7540125846862793","2.8164329528808594"
"1498","135.5","135","136","2.850558638572693","2.8265485763549805","2.8745687007904053"
"1499","137.5","137","138","2.7209086418151855","2.633734941482544","2.808082342147827"
"1500","139.5","139","140","2.7853786945343018","2.757171869277954","2.8135855197906494"
"1501","141.5","141","142","2.6606792211532593","2.6214439868927","2.6999144554138184"
"1502","143.5","143","144","2.767004370689392","2.6915905475616455","2.8424181938171387"
"1503","145.5","145","146","2.7230255603790283","2.695850133895874","2.7502009868621826"
"1504","147.5","147","148","2.7047741413116455","2.694157600402832","2.715390682220459"
"1505","149.5","149","150","2.6865867376327515","2.680307388305664","2.692866086959839"
"1506","151.5","151","152","2.7287116050720215","2.6259372234344482","2.8314859867095947"
"1507","153.5","153","154","2.75421142578125","2.7025203704833984","2.8059024810791016"
"1508","155.5","155","156","2.7909260988235474","2.765918731689453","2.8159334659576416"
"1509","157.5","157","158","2.550516963005066","2.532275915145874","2.568758010864258"
"1510","159.5","159","160","2.79378879070282","2.76389479637146","2.8236827850341797"
"1511","161.5","161","162","2.7206565141677856","2.6045992374420166","2.8367137908935547"
"1512","163.5","163","164","2.7471981048583984","2.685962438583374","2.808433771133423"
"1513","165.5","165","166","2.638167381286621","2.5634889602661133","2.712845802307129"
"1514","167.5","167","168","2.6420512199401855","2.6317129135131836","2.6523895263671875"
"1515","169.5","169","170","2.6853270530700684","2.663698673248291","2.7069554328918457"
"1516","171.5","171","172","2.540569305419922","2.517348527908325","2.5637900829315186"
"1517","173.5","173","174","2.6768828630447388","2.656301259994507","2.6974644660949707"
"1518","175.5","175","176","2.5903183221817017","2.553217887878418","2.6274187564849854"
"1519","177.5","177","178","2.6816794872283936","2.6068716049194336","2.7564873695373535"
"1520","179.5","179","180","2.5947872400283813","2.5462520122528076","2.643322467803955"
"1521","181.5","181","182","2.5863674879074097","2.5799965858459473","2.592738389968872"
"1522","183.5","183","184","2.6672998666763306","2.6455624103546143","2.689037322998047"
"1523","185.5","185","186","2.6449244022369385","2.6106133460998535","2.6792354583740234"
"1524","187.5","187","188","2.6995749473571777","2.666203737258911","2.7329461574554443"
"1525","189.5","189","190","2.636375308036804","2.6214776039123535","2.651273012161255"
"1526","191.5","191","192","2.6199944019317627","2.6015748977661133","2.638413906097412"
"1527","193.5","193","194","2.6795929670333862","2.5575692653656006","2.801616668701172"
"1528","195.5","195","196","2.6004310846328735","2.561397075653076","2.639465093612671"
"1529","197.5","197","198","2.561269760131836","2.5181446075439453","2.6043949127197266"
"1530","199.5","199","200","2.6044676303863525","2.589322805404663","2.619612455368042"
"1531","201.5","201","202","2.521209955215454","2.483254909515381","2.5591650009155273"
"1532","203.5","203","204","2.6758272647857666","2.6535186767578125","2.6981358528137207"
"1533","205.5","205","206","2.6011983156204224","2.4911317825317383","2.7112648487091064"
"1534","207.5","207","208","2.494688868522644","2.4892425537109375","2.5001351833343506"
"1535","209.5","209","210","2.5633593797683716","2.5595500469207764","2.567168712615967"
"1536","211.5","211","212","2.6016316413879395","2.5262889862060547","2.676974296569824"
"1537","213.5","213","214","2.6171751022338867","2.5646796226501465","2.669670581817627"
"1538","215.5","215","216","2.676684260368347","2.6589810848236084","2.694387435913086"
"1539","217.5","217","218","2.6660268306732178","2.648732900619507","2.6833207607269287"
"1540","219.5","219","220","2.665481448173523","2.6444079875946045","2.6865549087524414"
"1541","221.5","221","222","2.661791443824768","2.6431026458740234","2.6804802417755127"
"1542","223.5","223","224","2.6410051584243774","2.5913877487182617","2.690622568130493"
"1543","225.5","225","226","2.5834755897521973","2.5733866691589355","2.593564510345459"
"1544","227.5","227","228","2.5001269578933716","2.423820734024048","2.5764331817626953"
"1545","229.5","229","230","2.6807154417037964","2.6573002338409424","2.7041306495666504"
"1546","231.5","231","232","2.6897391080856323","2.646855592727661","2.7326226234436035"
"1547","233.5","233","234","2.544351816177368","2.4288406372070312","2.659862995147705"
"1548","235.5","235","236","2.4804346561431885","2.4509429931640625","2.5099263191223145"
"1549","237.5","237","238","2.6857926845550537","2.6846933364868164","2.686892032623291"
"1550","239.5","239","240","2.583460569381714","2.566408634185791","2.6005125045776367"
"1551","241.5","241","242","2.604867458343506","2.4977481365203857","2.711986780166626"
"1552","243.5","243","244","2.5285266637802124","2.4752726554870605","2.5817806720733643"
"1553","245.5","245","246","2.549876570701599","2.504065752029419","2.5956873893737793"
"1554","247.5","247","248","2.5546239614486694","2.5457332134246826","2.5635147094726562"
"1555","249.5","249","250","2.576528310775757","2.5549283027648926","2.598128318786621"
"1556","251.5","251","252","2.5310986042022705","2.5004348754882812","2.5617623329162598"
"1557","253.5","253","254","2.6211384534835815","2.6037888526916504","2.6384880542755127"
"1558","255.5","255","256","2.5464999675750732","2.443006753921509","2.6499931812286377"
"1559","257.5","257","258","2.4406110048294067","2.437420129776001","2.4438018798828125"
"1560","259.5","259","260","2.43319571018219","2.3724944591522217","2.493896961212158"
"1561","261.5","261","262","2.4540932178497314","2.4518299102783203","2.4563565254211426"
"1562","263.5","263","264","2.529916763305664","2.493100166320801","2.5667333602905273"
"1563","265.5","265","266","2.4775102138519287","2.398892641067505","2.5561277866363525"
"1564","267.5","267","268","2.570605993270874","2.5151009559631348","2.6261110305786133"
"1565","269.5","269","270","2.4053808450698853","2.3526391983032227","2.458122491836548"
"1566","271.5","271","272","2.5171042680740356","2.468493700027466","2.5657148361206055"
"1567","273.5","273","274","2.5291731357574463","2.4598217010498047","2.598524570465088"
"1568","275.5","275","276","2.5179567337036133","2.4766182899475098","2.559295177459717"
"1569","277.5","277","278","2.4903650283813477","2.4248032569885254","2.55592679977417"
"1570","279.5","279","280","2.4785401821136475","2.388157844543457","2.568922519683838"
"1571","281.5","281","282","2.549695611000061","2.5476152896881104","2.5517759323120117"
"1572","283.5","283","284","2.441873788833618","2.412297248840332","2.4714503288269043"
"1573","285.5","285","286","2.4312939643859863","2.373307466506958","2.4892804622650146"
"1574","287.5","287","288","2.5182108879089355","2.4649457931518555","2.5714759826660156"
"1575","289.5","289","290","2.4174569845199585","2.350285291671753","2.484628677368164"
"1576","291.5","291","292","2.4823524951934814","2.452310085296631","2.512394905090332"
"1577","293.5","293","294","2.4687660932540894","2.4535892009735107","2.483942985534668"
"1578","295.5","295","296","2.311704635620117","2.2582547664642334","2.365154504776001"
"1579","297.5","297","298","2.4367599487304688","2.3868393898010254","2.486680507659912"
"1580","299.5","299","300","2.5444347858428955","2.4614076614379883","2.6274619102478027"
"1581","301.5","301","302","2.477558732032776","2.432215690612793","2.522901773452759"
"1582","303.5","303","304","2.4843173027038574","2.4435620307922363","2.5250725746154785"
"1583","305.5","305","306","2.5529741048812866","2.5356295108795166","2.5703186988830566"
"1584","307.5","307","308","2.4844155311584473","2.4680566787719727","2.500774383544922"
"1585","309.5","309","310","2.4478065967559814","2.4073081016540527","2.48830509185791"
"1586","311.5","311","312","2.412141442298889","2.3606107234954834","2.463672161102295"
"1587","313.5","313","314","2.409708023071289","2.2463793754577637","2.5730366706848145"
"1588","315.5","315","316","2.4306328296661377","2.4272613525390625","2.434004306793213"
"1589","317.5","317","318","2.4449167251586914","2.3587677478790283","2.5310657024383545"
"1590","319.5","319","320","2.419045090675354","2.4179766178131104","2.4201135635375977"
"1591","321.5","321","322","2.513392686843872","2.456477642059326","2.570307731628418"
"1592","323.5","323","324","2.48233962059021","2.3255116939544678","2.639167547225952"
"1593","325.5","325","326","2.410690665245056","2.3726277351379395","2.448753595352173"
"1594","327.5","327","328","2.583739161491394","2.5812320709228516","2.5862462520599365"
"1595","329.5","329","330","2.5023598670959473","2.447510004043579","2.5572097301483154"
"1596","331.5","331","332","2.4799320697784424","2.4735465049743652","2.4863176345825195"
"1597","333.5","333","334","2.5483813285827637","2.489403247833252","2.6073594093322754"
"1598","335.5","335","336","2.4243963956832886","2.399050712585449","2.449742078781128"
"1599","337.5","337","338","2.3717873096466064","2.3077962398529053","2.4357783794403076"
"1600","339.5","339","340","2.381278157234192","2.2922463417053223","2.4703099727630615"
"1601","341.5","341","342","2.4558833837509155","2.38136625289917","2.530400514602661"
"1602","343.5","343","344","2.4594171047210693","2.3954415321350098","2.523392677307129"
"1603","345.5","345","346","2.4826189279556274","2.3831303119659424","2.5821075439453125"
"1604","347.5","347","348","2.3749529123306274","2.3305447101593018","2.419361114501953"
"1605","349.5","349","350","2.4550470113754272","2.413602828979492","2.4964911937713623"
"1606","351.5","351","352","2.4058454036712646","2.3893909454345703","2.422299861907959"
"1607","353.5","353","354","2.4345046281814575","2.4008986949920654","2.4681105613708496"
"1608","355.5","355","356","2.5461769104003906","2.5350821018218994","2.557271718978882"
"1609","357.5","357","358","2.5243005752563477","2.4239630699157715","2.624638080596924"
"1610","359.5","359","360","2.4532458782196045","2.437640905380249","2.46885085105896"
"1611","361.5","361","362","2.3977373838424683","2.3494789600372314","2.445995807647705"
"1612","363.5","363","364","2.543282389640808","2.5280628204345703","2.558501958847046"
"1613","365.5","365","366","2.3167994022369385","2.280500650405884","2.353098154067993"
"1614","367.5","367","368","2.3680107593536377","2.3550705909729004","2.380950927734375"
"1615","369.5","369","370","2.3829855918884277","2.362586498260498","2.4033846855163574"
"1616","371.5","371","372","2.398262619972229","2.3536288738250732","2.4428963661193848"
"1617","373.5","373","374","2.4866487979888916","2.4039549827575684","2.569342613220215"
"1618","375.5","375","376","2.5532039403915405","2.4487812519073486","2.6576266288757324"
"1619","377.5","377","378","2.4424582719802856","2.4064178466796875","2.478498697280884"
"1620","379.5","379","380","2.4694266319274902","2.4595541954040527","2.4792990684509277"
"1621","381.5","381","382","2.4205996990203857","2.4117627143859863","2.429436683654785"
"1622","383.5","383","384","2.456494927406311","2.4523630142211914","2.4606268405914307"
"1623","385.5","385","386","2.480669856071472","2.472912311553955","2.4884274005889893"
"1624","387.5","387","388","2.356404185295105","2.3399791717529297","2.3728291988372803"
"1625","389.5","389","390","2.5434290170669556","2.5285959243774414","2.5582621097564697"
"1626","391.5","391","392","2.46868896484375","2.4670052528381348","2.4703726768493652"
"1627","393.5","393","394","2.4422258138656616","2.4412841796875","2.4431674480438232"
"1628","395.5","395","396","2.503597855567932","2.4906985759735107","2.5164971351623535"
"1629","397.5","397","398","2.4401793479919434","2.3956313133239746","2.484727382659912"
"1630","399.5","399","400","2.3133872747421265","2.261474609375","2.365299940109253"
"1631","401.5","401","402","2.4298514127731323","2.3995437622070312","2.4601590633392334"
"1632","403.5","403","404","2.4293580055236816","2.422758102416992","2.435957908630371"
"1633","405.5","405","406","2.460067868232727","2.4534943103790283","2.466641426086426"
"1634","407.5","407","408","2.5945101976394653","2.576418399810791","2.6126019954681396"
"1635","409.5","409","410","2.402569890022278","2.3298709392547607","2.475268840789795"
"1636","411.5","411","412","2.4906837940216064","2.446091413497925","2.535276174545288"
"1637","413.5","413","414","2.4934617280960083","2.4168508052825928","2.570072650909424"
"1638","415.5","415","416","2.448087692260742","2.270296812057495","2.6258785724639893"
"1639","417.5","417","418","2.4694037437438965","2.3953464031219482","2.5434610843658447"
"1640","419.5","419","420","2.361942172050476","2.331937313079834","2.391947031021118"
"1641","421.5","421","422","2.455113649368286","2.449794292449951","2.460433006286621"
"1642","423.5","423","424","2.4719460010528564","2.435887336730957","2.508004665374756"
"1643","425.5","425","426","2.44916570186615","2.3365750312805176","2.5617563724517822"
"1644","427.5","427","428","2.4884649515151978","2.4716203212738037","2.505309581756592"
"1645","429.5","429","430","2.52580726146698","2.501389265060425","2.550225257873535"
"1646","431.5","431","432","2.5176355838775635","2.504472255706787","2.53079891204834"
"1647","433.5","433","434","2.3928542137145996","2.3675026893615723","2.418205738067627"
"1648","435.5","435","436","2.413041830062866","2.404660701751709","2.4214229583740234"
"1649","437.5","437","438","2.5859673023223877","2.516235828399658","2.655698776245117"
"1650","439.5","439","440","2.4036448001861572","2.3744726181030273","2.432816982269287"
"1651","441.5","441","442","2.350897789001465","2.2992942333221436","2.402501344680786"
"1652","443.5","443","444","2.3719751834869385","2.3285880088806152","2.4153623580932617"
"1653","445.5","445","446","2.408807158470154","2.3973538875579834","2.420260429382324"
"1654","447.5","447","448","2.4332756996154785","2.417562484741211","2.448988914489746"
"1655","449.5","449","450","2.4772433042526245","2.437896728515625","2.516589879989624"
"1656","451.5","451","452","2.3753150701522827","2.3204498291015625","2.430180311203003"
"1657","453.5","453","454","2.5566914081573486","2.5018091201782227","2.6115736961364746"
"1658","455.5","455","456","2.369231104850769","2.3188345432281494","2.4196276664733887"
"1659","457.5","457","458","2.3822473287582397","2.3748507499694824","2.389643907546997"
"1660","459.5","459","460","2.3942248821258545","2.353559970855713","2.434889793395996"
"1661","461.5","461","462","2.3374451398849487","2.29164981842041","2.3832404613494873"
"1662","463.5","463","464","2.4856280088424683","2.4699738025665283","2.501282215118408"
"1663","465.5","465","466","2.4547975063323975","2.4267468452453613","2.4828481674194336"
"1664","467.5","467","468","2.4827719926834106","2.4115841388702393","2.553959846496582"
"1665","469.5","469","470","2.4720382690429688","2.393599510192871","2.5504770278930664"
"1666","471.5","471","472","2.4828882217407227","2.4662322998046875","2.499544143676758"
"1667","473.5","473","474","2.507167339324951","2.4362661838531494","2.578068494796753"
"1668","475.5","475","476","2.5460954904556274","2.4674530029296875","2.6247379779815674"
"1669","477.5","477","478","2.5440173149108887","2.4823079109191895","2.605726718902588"
"1670","479.5","479","480","2.406546473503113","2.4003119468688965","2.412781000137329"
"1671","481.5","481","482","2.6430033445358276","2.6090688705444336","2.6769378185272217"
"1672","483.5","483","484","2.4342762231826782","2.389814615249634","2.4787378311157227"
"1673","485.5","485","486","2.319502353668213","2.3066704273223877","2.332334280014038"
"1674","487.5","487","488","2.5049184560775757","2.477571725845337","2.5322651863098145"
"1675","489.5","489","490","2.4799304008483887","2.422299385070801","2.5375614166259766"
"1676","491.5","491","492","2.586048722267151","2.5072367191314697","2.664860725402832"
"1677","493.5","493","494","2.482424020767212","2.478637218475342","2.486210823059082"
"1678","495.5","495","496","2.4535895586013794","2.4194459915161133","2.4877331256866455"
"1679","497.5","497","498","2.6721783876419067","2.609541177749634","2.7348155975341797"
"1680","499.5","499","500","2.4041815996170044","2.40289306640625","2.405470132827759"
"1681","501.5","501","502","2.352931261062622","2.3212461471557617","2.3846163749694824"
"1682","503.5","503","504","2.4116448163986206","2.3424978256225586","2.4807918071746826"
"1683","505.5","505","506","2.4215248823165894","2.393540143966675","2.449509620666504"
"1684","507.5","507","508","2.3314770460128784","2.299427032470703","2.3635270595550537"
"1685","509.5","509","510","2.4223334789276123","2.3550753593444824","2.489591598510742"
"1686","511.5","511","512","2.442260503768921","2.3256187438964844","2.5589022636413574"
"1687","513.5","513","514","2.458259344100952","2.4047088623046875","2.511809825897217"
"1688","515.5","515","516","2.4675803184509277","2.449704885482788","2.4854557514190674"
"1689","517.5","517","518","2.4445515871047974","2.3777852058410645","2.5113179683685303"
"1690","519.5","519","520","2.437404155731201","2.402301073074341","2.4725072383880615"
"1691","521.5","521","522","2.5115268230438232","2.4586105346679688","2.5644431114196777"
"1692","523.5","523","524","2.3761391639709473","2.3508291244506836","2.401449203491211"
"1693","525.5","525","526","2.5674811601638794","2.5107882022857666","2.624174118041992"
"1694","527.5","527","528","2.505902886390686","2.4169514179229736","2.5948543548583984"
"1695","529.5","529","530","2.468163013458252","2.404297113418579","2.532028913497925"
"1696","531.5","531","532","2.4587482213974","2.386622667312622","2.5308737754821777"
"1697","533.5","533","534","2.479119062423706","2.4643139839172363","2.493924140930176"
"1698","535.5","535","536","2.4149670600891113","2.3909759521484375","2.438958168029785"
"1699","537.5","537","538","2.433717966079712","2.392660140991211","2.474775791168213"
"1700","539.5","539","540","2.595426917076111","2.5603866577148438","2.630467176437378"
"1701","541.5","541","542","2.399113655090332","2.3617353439331055","2.4364919662475586"
"1702","543.5","543","544","2.3693907260894775","2.334266185760498","2.404515266418457"
"1703","545.5","545","546","2.5162525177001953","2.4787158966064453","2.5537891387939453"
"1704","547.5","547","548","2.484427809715271","2.4454522132873535","2.5234034061431885"
"1705","549.5","549","550","2.4764591455459595","2.476024627685547","2.476893663406372"
"1706","551.5","551","552","2.5335164070129395","2.450967311859131","2.616065502166748"
"1707","553.5","553","554","2.4153469800949097","2.3819799423217773","2.448714017868042"
"1708","555.5","555","556","2.31473171710968","2.2761940956115723","2.353269338607788"
"1709","557.5","557","558","2.3403027057647705","2.337599992752075","2.343005418777466"
"1710","559.5","559","560","2.435033917427063","2.42889404296875","2.441173791885376"
"1711","561.5","561","562","2.370316982269287","2.3493940830230713","2.391239881515503"
"1712","563.5","563","564","2.3690285682678223","2.298673152923584","2.4393839836120605"
"1713","565.5","565","566","2.374289393424988","2.2676360607147217","2.480942726135254"
"1714","567.5","567","568","2.4882158041000366","2.4090332984924316","2.5673983097076416"
"1715","569.5","569","570","2.48230242729187","2.4367237091064453","2.527881145477295"
"1716","571.5","571","572","2.4693496227264404","2.4293911457061768","2.509308099746704"
"1717","573.5","573","574","2.4178720712661743","2.344367742538452","2.4913763999938965"
"1718","575.5","575","576","2.4041517972946167","2.3531346321105957","2.4551689624786377"
"1719","577.5","577","578","2.411512613296509","2.365762233734131","2.4572629928588867"
"1720","579.5","579","580","2.3441357612609863","2.3304240703582764","2.3578474521636963"
"1721","581.5","581","582","2.439865827560425","2.34196138381958","2.5377702713012695"
"1722","583.5","583","584","2.3573919534683228","2.2896692752838135","2.425114631652832"
"1723","585.5","585","586","2.382041811943054","2.3483872413635254","2.415696382522583"
"1724","587.5","587","588","2.3912514448165894","2.3485405445098877","2.433962345123291"
"1725","589.5","589","590","2.3737599849700928","2.344313144683838","2.4032068252563477"
"1726","591.5","591","592","2.3204565048217773","2.2679073810577393","2.3730056285858154"
"1727","593.5","593","594","2.266322135925293","2.2400903701782227","2.2925539016723633"
"1728","595.5","595","596","2.459776520729065","2.32389497756958","2.59565806388855"
"1729","597.5","597","598","2.419512987136841","2.368105888366699","2.4709200859069824"
"1730","599.5","599","600","2.4308983087539673","2.370335340499878","2.4914612770080566"
"1731","601.5","601","602","2.5248626470565796","2.4928088188171387","2.5569164752960205"
"1732","603.5","603","604","2.4773738384246826","2.427999973297119","2.526747703552246"
"1733","605.5","605","606","2.4737578630447388","2.4645166397094727","2.482999086380005"
"1734","607.5","607","608","2.422428607940674","2.3430755138397217","2.501781702041626"
"1735","609.5","609","610","2.4172474145889282","2.4018404483795166","2.43265438079834"
"1736","611.5","611","612","2.4138729572296143","2.369051694869995","2.4586942195892334"
"1737","613.5","613","614","2.492693305015564","2.4329819679260254","2.5524046421051025"
"1738","615.5","615","616","2.511730909347534","2.4965906143188477","2.5268712043762207"
"1739","617.5","617","618","2.445070266723633","2.4183969497680664","2.471743583679199"
"1740","619.5","619","620","2.450009346008301","2.4012277126312256","2.498790979385376"
"1741","621.5","621","622","2.3935210704803467","2.3577404022216797","2.4293017387390137"
"1742","623.5","623","624","2.38236403465271","2.326608419418335","2.438119649887085"
"1743","625.5","625","626","2.4643771648406982","2.416079521179199","2.5126748085021973"
"1744","627.5","627","628","2.429879069328308","2.396299123764038","2.463459014892578"
"1745","629.5","629","630","2.4962459802627563","2.3812105655670166","2.611281394958496"
"1746","631.5","631","632","2.5801931619644165","2.531972646713257","2.628413677215576"
"1747","633.5","633","634","2.4113235473632812","2.367549419403076","2.4550976753234863"
"1748","635.5","635","636","2.2391258478164673","2.1820576190948486","2.296194076538086"
"1749","637.5","637","638","2.3499869108200073","2.3192861080169678","2.380687713623047"
"1750","639.5","639","640","2.34770131111145","2.2864058017730713","2.408996820449829"
"1751","641.5","641","642","2.456489682197571","2.4178173542022705","2.495162010192871"
"1752","643.5","643","644","2.2157254219055176","2.2009189128875732","2.230531930923462"
"1753","645.5","645","646","2.3700478076934814","2.2658629417419434","2.4742326736450195"
"1754","647.5","647","648","2.452306866645813","2.3758938312530518","2.528719902038574"
"1755","649.5","649","650","2.397429943084717","2.340310573577881","2.4545493125915527"
"1756","651.5","651","652","2.1918691396713257","2.1855366230010986","2.1982016563415527"
"1757","653.5","653","654","2.5319663286209106","2.495695114135742","2.568237543106079"
"1758","655.5","655","656","2.3988146781921387","2.3418893814086914","2.455739974975586"
"1759","657.5","657","658","2.34679913520813","2.311155080795288","2.3824431896209717"
"1760","659.5","659","660","2.323225498199463","2.246922016143799","2.399528980255127"
"1761","661.5","661","662","2.269291877746582","2.259490966796875","2.279092788696289"
"1762","663.5","663","664","2.381863594055176","2.366734504699707","2.3969926834106445"
"1763","665.5","665","666","2.460282325744629","2.4527599811553955","2.4678046703338623"
"1764","667.5","667","668","2.4841960668563843","2.4674324989318848","2.500959634780884"
"1765","669.5","669","670","2.392772912979126","2.3281545639038086","2.4573912620544434"
"1766","671.5","671","672","2.5288368463516235","2.5176784992218018","2.5399951934814453"
"1767","673.5","673","674","2.335201144218445","2.282540798187256","2.387861490249634"
"1768","675.5","675","676","2.265302062034607","2.26278018951416","2.2678239345550537"
"1769","677.5","677","678","2.402447462081909","2.3795719146728516","2.425323009490967"
"1770","679.5","679","680","2.417144298553467","2.3749380111694336","2.4593505859375"
"1771","681.5","681","682","2.5376136302948","2.5332541465759277","2.541973114013672"
"1772","683.5","683","684","2.2472498416900635","2.238420248031616","2.2560794353485107"
"1773","685.5","685","686","2.262209415435791","2.2375614643096924","2.2868573665618896"
"1774","687.5","687","688","2.5184099674224854","2.4521045684814453","2.5847153663635254"
"1775","689.5","689","690","2.4710837602615356","2.470567464828491","2.47160005569458"
"1776","691.5","691","692","2.531813621520996","2.4812026023864746","2.5824246406555176"
"1777","693.5","693","694","2.4820843935012817","2.4641811847686768","2.4999876022338867"
"1778","695.5","695","696","2.4276055097579956","2.3905441761016846","2.4646668434143066"
"1779","697.5","697","698","2.333392381668091","2.299557685852051","2.367227077484131"
"1780","699.5","699","700","2.3903205394744873","2.375108003616333","2.4055330753326416"
"1781","701.5","701","702","2.4164925813674927","2.3948984146118164","2.438086748123169"
"1782","703.5","703","704","2.4802770614624023","2.4077374935150146","2.55281662940979"
"1783","705.5","705","706","2.4537644386291504","2.448540687561035","2.4589881896972656"
"1784","707.5","707","708","2.410336136817932","2.406038284301758","2.4146339893341064"
"1785","709.5","709","710","2.3319233655929565","2.2335116863250732","2.43033504486084"
"1786","711.5","711","712","2.488723039627075","2.4493303298950195","2.528115749359131"
"1787","713.5","713","714","2.373910903930664","2.345170021057129","2.402651786804199"
"1788","715.5","715","716","2.3931491374969482","2.339931011199951","2.4463672637939453"
"1789","717.5","717","718","2.453264832496643","2.4010934829711914","2.5054361820220947"
"1790","719.5","719","720","2.3554296493530273","2.306767463684082","2.4040918350219727"
"1791","721.5","721","722","2.3467456102371216","2.3400447368621826","2.3534464836120605"
"1792","723.5","723","724","2.4571337699890137","2.4196770191192627","2.4945905208587646"
"1793","725.5","725","726","2.3662660121917725","2.2888147830963135","2.4437172412872314"
"1794","727.5","727","728","2.4415444135665894","2.3420257568359375","2.541063070297241"
"1795","729.5","729","730","2.44558322429657","2.359661340713501","2.5315051078796387"
"1796","731.5","731","732","2.343283534049988","2.2434206008911133","2.4431464672088623"
"1797","733.5","733","734","2.4471771717071533","2.396235942840576","2.4981184005737305"
"1798","735.5","735","736","2.448155164718628","2.36508846282959","2.531221866607666"
"1799","737.5","737","738","2.4026318788528442","2.3957178592681885","2.4095458984375"
"1800","739.5","739","740","2.314489483833313","2.237308979034424","2.391669988632202"
"1801","741.5","741","742","2.3420989513397217","2.3144969940185547","2.3697009086608887"
"1802","743.5","743","744","2.398327589035034","2.3725762367248535","2.424078941345215"
"1803","745.5","745","746","2.3998754024505615","2.3567702770233154","2.4429805278778076"
"1804","747.5","747","748","2.3266338109970093","2.3010313510894775","2.352236270904541"
"1805","749.5","749","750","2.4090635776519775","2.3766894340515137","2.4414377212524414"
"1806","751.5","751","752","2.3379937410354614","2.322998285293579","2.3529891967773438"
"1807","753.5","753","754","2.427180767059326","2.415803909301758","2.4385576248168945"
"1808","755.5","755","756","2.4719728231430054","2.4660415649414062","2.4779040813446045"
"1809","757.5","757","758","2.373525381088257","2.3049707412719727","2.442080020904541"
"1810","759.5","759","760","2.4435465335845947","2.431302547454834","2.4557905197143555"
"1811","761.5","761","762","2.4789994955062866","2.4301962852478027","2.5278027057647705"
"1812","763.5","763","764","2.3837594985961914","2.3827383518218994","2.3847806453704834"
"1813","765.5","765","766","2.3994191884994507","2.2974438667297363","2.501394510269165"
"1814","767.5","767","768","2.424891471862793","2.359436511993408","2.4903464317321777"
"1815","769.5","769","770","2.3948583602905273","2.3059563636779785","2.483760356903076"
"1816","771.5","771","772","2.362091898918152","2.3086726665496826","2.415511131286621"
"1817","773.5","773","774","2.422703266143799","2.403292179107666","2.4421143531799316"
"1818","775.5","775","776","2.4647172689437866","2.4630746841430664","2.466359853744507"
"1819","777.5","777","778","2.434482455253601","2.416618585586548","2.4523463249206543"
"1820","779.5","779","780","2.2183642387390137","2.188075542449951","2.248652935028076"
"1821","781.5","781","782","2.3782581090927124","2.3528335094451904","2.4036827087402344"
"1822","783.5","783","784","2.303622603416443","2.1907541751861572","2.4164910316467285"
"1823","785.5","785","786","2.4374786615371704","2.3620426654815674","2.5129146575927734"
"1824","787.5","787","788","2.483918070793152","2.4789090156555176","2.488927125930786"
"1825","789.5","789","790","2.369199514389038","2.281428575515747","2.456970453262329"
"1826","791.5","791","792","2.328177332878113","2.307027816772461","2.3493268489837646"
"1827","793.5","793","794","2.370501756668091","2.3115100860595703","2.4294934272766113"
"1828","795.5","795","796","2.385492205619812","2.3825385570526123","2.3884458541870117"
"1829","797.5","797","798","2.3802026510238647","2.350010633468628","2.4103946685791016"
"1830","799.5","799","800","2.447872042655945","2.371089458465576","2.5246546268463135"
"1831","801.5","801","802","2.447919249534607","2.418407678604126","2.477430820465088"
"1832","803.5","803","804","2.422587275505066","2.377168655395508","2.468005895614624"
"1833","805.5","805","806","2.328821897506714","2.312978744506836","2.344665050506592"
"1834","807.5","807","808","2.3865809440612793","2.3566184043884277","2.416543483734131"
"1835","809.5","809","810","2.367276668548584","2.3563311100006104","2.3782222270965576"
"1836","811.5","811","812","2.35681414604187","2.3122692108154297","2.4013590812683105"
"1837","813.5","813","814","2.3164303302764893","2.2645163536071777","2.368344306945801"
"1838","815.5","815","816","2.3814152479171753","2.371253490447998","2.3915770053863525"
"1839","817.5","817","818","2.3180049657821655","2.265800952911377","2.370208978652954"
"1840","819.5","819","820","2.314334273338318","2.3069682121276855","2.32170033454895"
"1841","821.5","821","822","2.461613655090332","2.3940353393554688","2.5291919708251953"
"1842","823.5","823","824","2.254756450653076","2.2180004119873047","2.2915124893188477"
"1843","825.5","825","826","2.446592092514038","2.4453344345092773","2.447849750518799"
"1844","827.5","827","828","2.388036370277405","2.34433913230896","2.4317336082458496"
"1845","829.5","829","830","2.445437431335449","2.358004570007324","2.532870292663574"
"1846","831.5","831","832","2.4208970069885254","2.3911867141723633","2.4506072998046875"
"1847","833.5","833","834","2.303708791732788","2.294860363006592","2.3125572204589844"
"1848","835.5","835","836","2.339780807495117","2.29526424407959","2.3842973709106445"
"1849","837.5","837","838","2.344560742378235","2.315683603286743","2.3734378814697266"
"1850","839.5","839","840","2.3696831464767456","2.3384060859680176","2.4009602069854736"
"1851","841.5","841","842","2.4423495531082153","2.3947842121124268","2.489914894104004"
"1852","843.5","843","844","2.2995818853378296","2.2871837615966797","2.3119800090789795"
"1853","845.5","845","846","2.4750884771347046","2.3642749786376953","2.585901975631714"
"1854","847.5","847","848","2.446556568145752","2.4461188316345215","2.4469943046569824"
"1855","849.5","849","850","2.380936861038208","2.3235809803009033","2.4382927417755127"
"1856","851.5","851","852","2.43767249584198","2.3721728324890137","2.5031721591949463"
"1857","853.5","853","854","2.336570382118225","2.233715057373047","2.4394257068634033"
"1858","855.5","855","856","2.3549896478652954","2.314849615097046","2.395129680633545"
"1859","857.5","857","858","2.286039113998413","2.259605884552002","2.312472343444824"
"1860","859.5","859","860","2.4406005144119263","2.384704828262329","2.4964962005615234"
"1861","861.5","861","862","2.3198163509368896","2.319173812866211","2.3204588890075684"
"1862","863.5","863","864","2.3151750564575195","2.275341033935547","2.355009078979492"
"1863","865.5","865","866","2.2004512548446655","2.145277976989746","2.255624532699585"
"1864","867.5","867","868","2.486261248588562","2.369610548019409","2.602911949157715"
"1865","869.5","869","870","2.501924514770508","2.4834485054016113","2.5204005241394043"
"1866","871.5","871","872","2.4497129917144775","2.3373656272888184","2.5620603561401367"
"1867","873.5","873","874","2.4035202264785767","2.3206627368927","2.486377716064453"
"1868","875.5","875","876","2.416415214538574","2.4095497131347656","2.423280715942383"
"1869","877.5","877","878","2.4861295223236084","2.394061326980591","2.578197717666626"
"1870","879.5","879","880","2.4852620363235474","2.4770750999450684","2.4934489727020264"
"1871","881.5","881","882","2.4051929712295532","2.2902846336364746","2.520101308822632"
"1872","883.5","883","884","2.408941626548767","2.3382391929626465","2.4796440601348877"
"1873","885.5","885","886","2.340116024017334","2.216209888458252","2.464022159576416"
"1874","887.5","887","888","2.444148898124695","2.4428257942199707","2.445472002029419"
"1875","889.5","889","890","2.2770848274230957","2.22214412689209","2.3320255279541016"
"1876","891.5","891","892","2.4211182594299316","2.342501640319824","2.499734878540039"
"1877","893.5","893","894","2.4192585945129395","2.401735305786133","2.436781883239746"
"1878","895.5","895","896","2.3189635276794434","2.1898274421691895","2.4480996131896973"
"1879","897.5","897","898","2.3926150798797607","2.3614602088928223","2.423769950866699"
"1880","899.5","899","900","2.3612561225891113","2.324401378631592","2.398110866546631"
"1881","901.5","901","902","2.42019259929657","2.362133264541626","2.4782519340515137"
"1882","903.5","903","904","2.418766498565674","2.3747336864471436","2.462799310684204"
"1883","905.5","905","906","2.38606595993042","2.354687452316284","2.4174444675445557"
"1884","907.5","907","908","2.4020251035690308","2.2863430976867676","2.517707109451294"
"1885","909.5","909","910","2.3112038373947144","2.304743766784668","2.3176639080047607"
"1886","911.5","911","912","2.426743984222412","2.391906499862671","2.4615814685821533"
"1887","913.5","913","914","2.482866048812866","2.402235507965088","2.5634965896606445"
"1888","915.5","915","916","2.3231457471847534","2.255040407180786","2.3912510871887207"
"1889","917.5","917","918","2.352019429206848","2.326375961303711","2.3776628971099854"
"1890","919.5","919","920","2.4224337339401245","2.275780200958252","2.569087266921997"
"1891","921.5","921","922","2.3187718391418457","2.236417293548584","2.4011263847351074"
"1892","923.5","923","924","2.2958327531814575","2.265587329864502","2.326078176498413"
"1893","925.5","925","926","2.2691460847854614","2.216019630432129","2.322272539138794"
"1894","927.5","927","928","2.4435962438583374","2.4379143714904785","2.4492781162261963"
"1895","929.5","929","930","2.369498610496521","2.312340021133423","2.426657199859619"
"1896","931.5","931","932","2.3674399852752686","2.3614039421081543","2.373476028442383"
"1897","933.5","933","934","2.342810034751892","2.3192954063415527","2.3663246631622314"
"1898","935.5","935","936","2.3862826824188232","2.356644868850708","2.4159204959869385"
"1899","937.5","937","938","2.2788820266723633","2.275789260864258","2.2819747924804688"
"1900","939.5","939","940","2.3863837718963623","2.3196802139282227","2.453087329864502"
"1901","941.5","941","942","2.2862067222595215","2.193553924560547","2.378859519958496"
"1902","943.5","943","944","2.244582414627075","2.213254451751709","2.2759103775024414"
"1903","945.5","945","946","2.291167140007019","2.2612853050231934","2.3210489749908447"
"1904","947.5","947","948","2.3736542463302612","2.2539010047912598","2.4934074878692627"
"1905","949.5","949","950","2.4484100341796875","2.424893856048584","2.471926212310791"
"1906","951.5","951","952","2.4873346090316772","2.4339451789855957","2.540724039077759"
"1907","953.5","953","954","2.396751880645752","2.2816901206970215","2.5118136405944824"
"1908","955.5","955","956","2.4093765020370483","2.3908884525299072","2.4278645515441895"
"1909","957.5","957","958","2.444908857345581","2.4012951850891113","2.488522529602051"
"1910","959.5","959","960","2.313968539237976","2.2370007038116455","2.3909363746643066"
"1911","961.5","961","962","2.442281126976013","2.431886672973633","2.4526755809783936"
"1912","963.5","963","964","2.3099703788757324","2.240710496902466","2.379230260848999"
"1913","965.5","965","966","2.336188554763794","2.2797765731811523","2.3926005363464355"
"1914","967.5","967","968","2.393921732902527","2.39359188079834","2.394251585006714"
"1915","969.5","969","970","2.359336256980896","2.287046432495117","2.431626081466675"
"1916","971.5","971","972","2.325290083885193","2.255544662475586","2.3950355052948"
"1917","973.5","973","974","2.3303545713424683","2.2841250896453857","2.376584053039551"
"1918","975.5","975","976","2.4666244983673096","2.4527640342712402","2.480484962463379"
"1919","977.5","977","978","2.4193572998046875","2.3999223709106445","2.4387922286987305"
"1920","979.5","979","980","2.345826029777527","2.2948739528656006","2.396778106689453"
"1921","981.5","981","982","2.4912328720092773","2.4439697265625","2.5384960174560547"
"1922","983.5","983","984","2.3809581995010376","2.3410184383392334","2.420897960662842"
"1923","985.5","985","986","2.4176864624023438","2.3667080402374268","2.4686648845672607"
"1924","987.5","987","988","2.5054787397384644","2.3936638832092285","2.6172935962677"
"1925","989.5","989","990","2.379767894744873","2.3448362350463867","2.4146995544433594"
"1926","991.5","991","992","2.4840166568756104","2.40157413482666","2.5664591789245605"
"1927","993.5","993","994","2.237642526626587","2.184731960296631","2.290553092956543"
"1928","995.5","995","996","2.392850637435913","2.38572359085083","2.399977684020996"
"1929","997.5","997","998","2.290743589401245","2.2206454277038574","2.360841751098633"
"1930","999.5","999","1000","2.3826379776000977","2.311129570007324","2.454146385192871"
"1931","1001.5","1001","1002","2.363436698913574","2.304164409637451","2.4227089881896973"
"1932","1003.5","1003","1004","2.453105330467224","2.373215913772583","2.5329947471618652"
"1933","1005.5","1005","1006","2.4261045455932617","2.3443636894226074","2.507845401763916"
"1934","1007.5","1007","1008","2.372017741203308","2.3307318687438965","2.4133036136627197"
"1935","1009.5","1009","1010","2.372465968132019","2.29538893699646","2.449542999267578"
"1936","1011.5","1011","1012","2.417870879173279","2.3539068698883057","2.481834888458252"
"1937","1013.5","1013","1014","2.3909244537353516","2.3738837242126465","2.4079651832580566"
"1938","1015.5","1015","1016","2.476042628288269","2.414029359817505","2.538055896759033"
"1939","1017.5","1017","1018","2.4526145458221436","2.3519225120544434","2.5533065795898438"
"1940","1019.5","1019","1020","2.213226556777954","2.185248851776123","2.241204261779785"
"1941","1021.5","1021","1022","2.3638429641723633","2.322481393814087","2.4052045345306396"
"1942","1023.5","1023","1024","2.3248027563095093","2.2668566703796387","2.38274884223938"
"1943","1025.5","1025","1026","2.360210418701172","2.3438706398010254","2.3765501976013184"
"1944","1027.5","1027","1028","2.333399772644043","2.3124728202819824","2.3543267250061035"
"1945","1029.5","1029","1030","2.41414475440979","2.3877756595611572","2.440513849258423"
"1946","1031.5","1031","1032","2.464998960494995","2.4464945793151855","2.4835033416748047"
"1947","1033.5","1033","1034","2.2955437898635864","2.2471261024475098","2.343961477279663"
"1948","1035.5","1035","1036","2.315492033958435","2.190258264541626","2.440725803375244"
"1949","1037.5","1037","1038","2.3372726440429688","2.1959447860717773","2.47860050201416"
"1950","1039.5","1039","1040","2.507558226585388","2.483154773712158","2.531961679458618"
"1951","1041.5","1041","1042","2.2946308851242065","2.2145657539367676","2.3746960163116455"
"1952","1043.5","1043","1044","2.1956522464752197","2.148236036300659","2.2430684566497803"
"1953","1045.5","1045","1046","2.3419779539108276","2.3339459896087646","2.3500099182128906"
"1954","1047.5","1047","1048","2.4358381032943726","2.4315052032470703","2.440171003341675"
"1955","1049.5","1049","1050","2.212631344795227","2.1592354774475098","2.2660272121429443"
"1956","1051.5","1051","1052","2.2962825298309326","2.237173318862915","2.35539174079895"
"1957","1053.5","1053","1054","2.355416417121887","2.3139750957489014","2.396857738494873"
"1958","1055.5","1055","1056","2.314804434776306","2.2294864654541016","2.4001224040985107"
"1959","1057.5","1057","1058","2.3689000606536865","2.2736895084381104","2.4641106128692627"
"1960","1059.5","1059","1060","2.283107280731201","2.2105484008789062","2.355666160583496"
"1961","1061.5","1061","1062","2.408794403076172","2.363157272338867","2.4544315338134766"
"1962","1063.5","1063","1064","2.3105064630508423","2.306025266647339","2.3149876594543457"
"1963","1065.5","1065","1066","2.333456873893738","2.288343667984009","2.378570079803467"
"1964","1067.5","1067","1068","2.3758469820022583","2.3477752208709717","2.403918743133545"
"1965","1069.5","1069","1070","2.181931972503662","2.1464715003967285","2.2173924446105957"
"1966","1071.5","1071","1072","2.374989867210388","2.340770959854126","2.4092087745666504"
"1967","1073.5","1073","1074","2.353365421295166","2.3017330169677734","2.4049978256225586"
"1968","1075.5","1075","1076","2.23257577419281","2.1740589141845703","2.29109263420105"
"1969","1077.5","1077","1078","2.3035264015197754","2.300394296646118","2.3066585063934326"
"1970","1079.5","1079","1080","2.3595863580703735","2.322341203689575","2.396831512451172"
"1971","1081.5","1081","1082","2.4120633602142334","2.399284839630127","2.42484188079834"
"1972","1083.5","1083","1084","2.3748308420181274","2.3437695503234863","2.4058921337127686"
"1973","1085.5","1085","1086","2.232043981552124","2.193431854248047","2.270656108856201"
"1974","1087.5","1087","1088","2.2872453927993774","2.255159378051758","2.319331407546997"
"1975","1089.5","1089","1090","2.39519464969635","2.315124034881592","2.4752652645111084"
"1976","1091.5","1091","1092","2.42008376121521","2.390835762023926","2.449331760406494"
"1977","1093.5","1093","1094","2.358785390853882","2.2724828720092773","2.4450879096984863"
"1978","1095.5","1095","1096","2.3230819702148438","2.2825326919555664","2.363631248474121"
"1979","1097.5","1097","1098","2.281525135040283","2.2438905239105225","2.319159746170044"
"1980","1099.5","1099","1100","2.350502371788025","2.3428401947021484","2.3581645488739014"
"1981","1101.5","1101","1102","2.2533241510391235","2.1597180366516113","2.3469302654266357"
"1982","1103.5","1103","1104","2.488791584968567","2.416822910308838","2.560760259628296"
"1983","1105.5","1105","1106","2.266208529472351","2.2304787635803223","2.30193829536438"
"1984","1107.5","1107","1108","2.3774681091308594","2.3163607120513916","2.438575506210327"
"1985","1109.5","1109","1110","2.3961427211761475","2.3581809997558594","2.4341044425964355"
"1986","1111.5","1111","1112","2.3319947719573975","2.225594997406006","2.438394546508789"
"1987","1113.5","1113","1114","2.3878992795944214","2.3797659873962402","2.3960325717926025"
"1988","1115.5","1115","1116","2.278027057647705","2.277139663696289","2.278914451599121"
"1989","1117.5","1117","1118","2.2526406049728394","2.1845502853393555","2.3207309246063232"
"1990","1119.5","1119","1120","2.3161561489105225","2.2256789207458496","2.4066333770751953"
"1991","1121.5","1121","1122","2.2792927026748657","2.2676661014556885","2.290919303894043"
"1992","1123.5","1123","1124","2.3394176959991455","2.20632266998291","2.472512722015381"
"1993","1125.5","1125","1126","2.2615883350372314","2.2213802337646484","2.3017964363098145"
"1994","1127.5","1127","1128","2.251736283302307","2.1923792362213135","2.311093330383301"
"1995","1129.5","1129","1130","2.387468695640564","2.335841178894043","2.439096212387085"
"1996","1131.5","1131","1132","2.368538737297058","2.291995048522949","2.445082426071167"
"1997","1133.5","1133","1134","2.300694704055786","2.275573253631592","2.3258161544799805"
"1998","1135.5","1135","1136","2.265702486038208","2.213381767272949","2.318023204803467"
"1999","1137.5","1137","1138","2.4004018306732178","2.347913980484009","2.4528896808624268"
"2000","1139.5","1139","1140","2.2964627742767334","2.284989356994629","2.307936191558838"
"2001","1141.5","1141","1142","2.352838158607483","2.2598540782928467","2.445822238922119"
"2002","1143.5","1143","1144","2.291703224182129","2.2891197204589844","2.2942867279052734"
"2003","1145.5","1145","1146","2.314180016517639","2.2825074195861816","2.3458526134490967"
"2004","1147.5","1147","1148","2.4142980575561523","2.3989923000335693","2.4296038150787354"
"2005","1149.5","1149","1150","2.315850615501404","2.2711431980133057","2.360558032989502"
"2006","1151.5","1151","1152","2.3218557834625244","2.2437350749969482","2.3999764919281006"
"2007","1153.5","1153","1154","2.3147103786468506","2.278601884841919","2.3508188724517822"
"2008","1155.5","1155","1156","2.274374485015869","2.242086410522461","2.3066625595092773"
"2009","1157.5","1157","1158","2.273359775543213","2.242337703704834","2.304381847381592"
"2010","1159.5","1159","1160","2.170539140701294","2.164246082305908","2.1768321990966797"
"2011","1161.5","1161","1162","2.4115869998931885","2.378124952316284","2.4450490474700928"
"2012","1163.5","1163","1164","2.265960216522217","2.2407054901123047","2.291214942932129"
"2013","1165.5","1165","1166","2.2590972185134888","2.2044546604156494","2.313739776611328"
"2014","1167.5","1167","1168","2.400892496109009","2.3479673862457275","2.45381760597229"
"2015","1169.5","1169","1170","2.340462565422058","2.3050787448883057","2.3758463859558105"
"2016","1171.5","1171","1172","2.2705390453338623","2.265659809112549","2.275418281555176"
"2017","1173.5","1173","1174","2.3570669889450073","2.338221788406372","2.3759121894836426"
"2018","1175.5","1175","1176","2.278221845626831","2.1785764694213867","2.3778672218322754"
"2019","1177.5","1177","1178","2.4418084621429443","2.400885581970215","2.482731342315674"
"2020","1179.5","1179","1180","2.372217535972595","2.368778705596924","2.3756563663482666"
"2021","1181.5","1181","1182","2.206165909767151","2.1504740715026855","2.261857748031616"
"2022","1183.5","1183","1184","2.2839893102645874","2.180288076400757","2.387690544128418"
"2023","1185.5","1185","1186","2.394990086555481","2.278654098510742","2.5113260746002197"
"2024","1187.5","1187","1188","2.458112955093384","2.417867422103882","2.4983584880828857"
"2025","1189.5","1189","1190","2.2257566452026367","2.1896963119506836","2.26181697845459"
"2026","1191.5","1191","1192","2.3573132753372192","2.2650227546691895","2.449603796005249"
"2027","1193.5","1193","1194","2.2833516597747803","2.2737436294555664","2.292959690093994"
"2028","1195.5","1195","1196","2.3284642696380615","2.318633556365967","2.3382949829101562"
"2029","1197.5","1197","1198","2.248437285423279","2.182419776916504","2.3144547939300537"
"2030","1199.5","1199","1200","2.2365036010742188","2.203129291534424","2.2698779106140137"
"2031","1201.5","1201","1202","2.352821707725525","2.3192496299743652","2.3863937854766846"
"2032","1203.5","1203","1204","2.4103678464889526","2.4021222591400146","2.4186134338378906"
"2033","1205.5","1205","1206","2.419652819633484","2.3776628971099854","2.4616427421569824"
"2034","1207.5","1207","1208","2.4735647439956665","2.4117558002471924","2.5353736877441406"
"2035","1209.5","1209","1210","2.2437565326690674","2.2430219650268555","2.2444911003112793"
"2036","1211.5","1211","1212","2.326053023338318","2.252323627471924","2.399782419204712"
"2037","1213.5","1213","1214","2.124831438064575","2.081796646118164","2.1678662300109863"
"2038","1215.5","1215","1216","2.208638548851013","2.1470816135406494","2.270195484161377"
"2039","1217.5","1217","1218","2.298982858657837","2.232595443725586","2.365370273590088"
"2040","1219.5","1219","1220","2.3546406030654907","2.2636234760284424","2.445657730102539"
"2041","1221.5","1221","1222","2.287564754486084","2.254070997238159","2.321058511734009"
"2042","1223.5","1223","1224","2.3081568479537964","2.286402940750122","2.3299107551574707"
"2043","1225.5","1225","1226","2.3031150102615356","2.29518985748291","2.311040163040161"
"2044","1227.5","1227","1228","2.2866941690444946","2.2155463695526123","2.357841968536377"
"2045","1229.5","1229","1230","2.4484018087387085","2.389108180999756","2.507695436477661"
"2046","1231.5","1231","1232","2.2518434524536133","2.2197108268737793","2.2839760780334473"
"2047","1233.5","1233","1234","2.364535093307495","2.232239007949829","2.496831178665161"
"2048","1235.5","1235","1236","2.307462215423584","2.2979321479797363","2.3169922828674316"
"2049","1237.5","1237","1238","2.2410881519317627","2.18142032623291","2.3007559776306152"
"2050","1239.5","1239","1240","2.3200104236602783","2.258863925933838","2.3811569213867188"
"2051","1241.5","1241","1242","2.3204151391983032","2.280045986175537","2.3607842922210693"
"2052","1243.5","1243","1244","2.4344160556793213","2.396939277648926","2.471892833709717"
"2053","1245.5","1245","1246","2.4188908338546753","2.385894536972046","2.4518871307373047"
"2054","1247.5","1247","1248","2.338370680809021","2.2346041202545166","2.4421372413635254"
"2055","1249.5","1249","1250","2.36108934879303","2.34578800201416","2.3763906955718994"
"2056","1251.5","1251","1252","2.309645175933838","2.2512435913085938","2.368046760559082"
"2057","1253.5","1253","1254","2.3416014909744263","2.2946741580963135","2.388528823852539"
"2058","1255.5","1255","1256","2.3220289945602417","2.286789655685425","2.3572683334350586"
"2059","1257.5","1257","1258","2.3029963970184326","2.2936527729034424","2.312340021133423"
"2060","1259.5","1259","1260","2.433423399925232","2.3912465572357178","2.475600242614746"
"2061","1261.5","1261","1262","2.202693462371826","2.1871743202209473","2.218212604522705"
"2062","1263.5","1263","1264","2.3457127809524536","2.2516496181488037","2.4397759437561035"
"2063","1265.5","1265","1266","2.2948288917541504","2.2248151302337646","2.364842653274536"
"2064","1267.5","1267","1268","2.2577039003372192","2.1472890377044678","2.3681187629699707"
"2065","1269.5","1269","1270","2.333855152130127","2.2940945625305176","2.3736157417297363"
"2066","1271.5","1271","1272","2.426013469696045","2.3973467350006104","2.4546802043914795"
"2067","1273.5","1273","1274","2.3495289087295532","2.329730272293091","2.3693275451660156"
"2068","1275.5","1275","1276","2.3677254915237427","2.366337299346924","2.3691136837005615"
"2069","1277.5","1277","1278","2.3555208444595337","2.353025197982788","2.3580164909362793"
"2070","1279.5","1279","1280","2.311027765274048","2.138118267059326","2.4839372634887695"
"2071","1281.5","1281","1282","2.343556046485901","2.3149399757385254","2.3721721172332764"
"2072","1283.5","1283","1284","2.3367360830307007","2.308424949645996","2.3650472164154053"
"2073","1285.5","1285","1286","2.2801907062530518","2.2748332023620605","2.285548210144043"
"2074","1287.5","1287","1288","2.325541377067566","2.282945156097412","2.3681375980377197"
"2075","1289.5","1289","1290","2.4080389738082886","2.366767406463623","2.449310541152954"
"2076","1291.5","1291","1292","2.214074492454529","2.193359851837158","2.2347891330718994"
"2077","1293.5","1293","1294","2.1968657970428467","2.171369791030884","2.2223618030548096"
"2078","1295.5","1295","1296","2.2572141885757446","2.1409738063812256","2.3734545707702637"
"2079","1297.5","1297","1298","2.2977882623672485","2.297267436981201","2.298309087753296"
"2080","1299.5","1299","1300","2.2714425325393677","2.2148396968841553","2.32804536819458"
"2081","1301.5","1301","1302","2.378417134284973","2.2675466537475586","2.4892876148223877"
"2082","1303.5","1303","1304","2.4182169437408447","2.388481616973877","2.4479522705078125"
"2083","1305.5","1305","1306","2.2737098932266235","2.2697765827178955","2.2776432037353516"
"2084","1307.5","1307","1308","2.267592191696167","2.1762266159057617","2.3589577674865723"
"2085","1309.5","1309","1310","2.4520684480667114","2.401421308517456","2.502715587615967"
"2086","1311.5","1311","1312","2.2937005758285522","2.278031349182129","2.3093698024749756"
"2087","1313.5","1313","1314","2.3099448680877686","2.2766079902648926","2.3432817459106445"
"2088","1315.5","1315","1316","2.191778302192688","2.176887273788452","2.206669330596924"
"2089","1317.5","1317","1318","2.201508641242981","2.201148509979248","2.201868772506714"
"2090","1319.5","1319","1320","2.2983425855636597","2.2051939964294434","2.391491174697876"
"2091","1321.5","1321","1322","2.273567318916321","2.195100784301758","2.352033853530884"
"2092","1323.5","1323","1324","2.254225015640259","2.181702136993408","2.3267478942871094"
"2093","1325.5","1325","1326","2.302042603492737","2.2601051330566406","2.343980073928833"
"2094","1327.5","1327","1328","2.334194779396057","2.277167797088623","2.391221761703491"
"2095","1329.5","1329","1330","2.286696195602417","2.2167487144470215","2.3566436767578125"
"2096","1331.5","1331","1332","2.274725079536438","2.177807092666626","2.37164306640625"
"2097","1333.5","1333","1334","2.257126808166504","2.1864821910858154","2.3277714252471924"
"2098","1335.5","1335","1336","2.305527687072754","2.3025035858154297","2.308551788330078"
"2099","1337.5","1337","1338","2.3737850189208984","2.2939019203186035","2.4536681175231934"
"2100","1339.5","1339","1340","2.276986002922058","2.2357850074768066","2.3181869983673096"
"2101","1341.5","1341","1342","2.2499101161956787","2.1423230171203613","2.357497215270996"
"2102","1343.5","1343","1344","2.39412784576416","2.3742318153381348","2.4140238761901855"
"2103","1345.5","1345","1346","2.1483184099197388","2.0994677543640137","2.197169065475464"
"2104","1347.5","1347","1348","2.3046185970306396","2.27764630317688","2.3315908908843994"
"2105","1349.5","1349","1350","2.2991089820861816","2.2612085342407227","2.3370094299316406"
"2106","1351.5","1351","1352","2.4075980186462402","2.3899009227752686","2.425295114517212"
"2107","1353.5","1353","1354","2.425981044769287","2.301612615585327","2.550349473953247"
"2108","1355.5","1355","1356","2.4046549797058105","2.35638165473938","2.452928304672241"
"2109","1357.5","1357","1358","2.4410570859909058","2.327138662338257","2.5549755096435547"
"2110","1359.5","1359","1360","2.240607976913452","2.2100908756256104","2.271125078201294"
"2111","1361.5","1361","1362","2.3549684286117554","2.3201749324798584","2.3897619247436523"
"2112","1363.5","1363","1364","2.280339002609253","2.263399124145508","2.297278881072998"
"2113","1365.5","1365","1366","2.456446886062622","2.4325947761535645","2.4802989959716797"
"2114","1367.5","1367","1368","2.258808970451355","2.2349672317504883","2.2826507091522217"
"2115","1369.5","1369","1370","2.271117091178894","2.258999824523926","2.2832343578338623"
"2116","1371.5","1371","1372","2.255627155303955","2.175507068634033","2.335747241973877"
"2117","1373.5","1373","1374","2.3734538555145264","2.3384244441986084","2.4084832668304443"
"2118","1375.5","1375","1376","2.350338935852051","2.329927921295166","2.3707499504089355"
"2119","1377.5","1377","1378","2.29026460647583","2.258226156234741","2.322303056716919"
"2120","1379.5","1379","1380","2.44096839427948","2.4248099327087402","2.4571268558502197"
"2121","1381.5","1381","1382","2.19475781917572","2.1474571228027344","2.242058515548706"
"2122","1383.5","1383","1384","2.2372026443481445","2.1980643272399902","2.276340961456299"
"2123","1385.5","1385","1386","2.2639904022216797","2.236502170562744","2.2914786338806152"
"2124","1387.5","1387","1388","2.3170742988586426","2.3117313385009766","2.3224172592163086"
"2125","1389.5","1389","1390","2.2822312116622925","2.2737338542938232","2.2907285690307617"
"2126","1391.5","1391","1392","2.250601053237915","2.2349345684051514","2.2662675380706787"
"2127","1393.5","1393","1394","2.3001136779785156","2.2693111896514893","2.330916166305542"
"2128","1395.5","1395","1396","2.241370916366577","2.156722068786621","2.326019763946533"
"2129","1397.5","1397","1398","2.285557508468628","2.2384142875671387","2.332700729370117"
"2130","1399.5","1399","1400","2.3378448486328125","2.243880271911621","2.431809425354004"
"2131","1401.5","1401","1402","2.301834225654602","2.2634994983673096","2.3401689529418945"
"2132","1403.5","1403","1404","2.274353265762329","2.2181007862091064","2.3306057453155518"
"2133","1405.5","1405","1406","2.1839641332626343","2.1369261741638184","2.23100209236145"
"2134","1407.5","1407","1408","2.3339351415634155","2.2824809551239014","2.3853893280029297"
"2135","1409.5","1409","1410","2.311074376106262","2.223698139190674","2.3984506130218506"
"2136","1411.5","1411","1412","2.368128776550293","2.2811403274536133","2.4551172256469727"
"2137","1413.5","1413","1414","2.3005383014678955","2.248518705368042","2.352557897567749"
"2138","1415.5","1415","1416","2.395763874053955","2.282536506652832","2.508991241455078"
"2139","1417.5","1417","1418","2.163403630256653","2.1356680393218994","2.1911392211914062"
"2140","1419.5","1419","1420","2.2329615354537964","2.2287230491638184","2.2372000217437744"
"2141","1421.5","1421","1422","2.3750792741775513","2.3294827938079834","2.420675754547119"
"2142","1423.5","1423","1424","2.3621827363967896","2.321258068084717","2.4031074047088623"
"2143","1425.5","1425","1426","2.41505765914917","2.3588314056396484","2.4712839126586914"
"2144","1427.5","1427","1428","2.466404914855957","2.4056637287139893","2.527146100997925"
"2145","1429.5","1429","1430","2.413233757019043","2.3247907161712646","2.5016767978668213"
"2146","1431.5","1431","1432","2.290867567062378","2.224827289581299","2.356907844543457"
"2147","1433.5","1433","1434","2.305675983428955","2.274857521057129","2.3364944458007812"
"2148","1435.5","1435","1436","2.249016761779785","2.1687397956848145","2.329293727874756"
"2149","1437.5","1437","1438","2.3325239419937134","2.2678089141845703","2.3972389698028564"
"2150","1439.5","1439","1440","2.2912358045578003","2.2798807621002197","2.302590847015381"
"2151","1441.5","1441","1442","2.338413119316101","2.276322841644287","2.400503396987915"
"2152","1443.5","1443","1444","2.090834140777588","2.053317070007324","2.1283512115478516"
"2153","1445.5","1445","1446","2.247006416320801","2.232872486114502","2.2611403465270996"
"2154","1447.5","1447","1448","2.2525652647018433","2.2267911434173584","2.278339385986328"
"2155","1449.5","1449","1450","2.214687466621399","2.1720869541168213","2.2572879791259766"
"2156","1451.5","1451","1452","2.299180269241333","2.2321395874023438","2.3662209510803223"
"2157","1453.5","1453","1454","2.2638261318206787","2.1513772010803223","2.376275062561035"
"2158","1455.5","1455","1456","2.4252333641052246","2.3847217559814453","2.465744972229004"
"2159","1457.5","1457","1458","2.376270294189453","2.297494411468506","2.4550461769104004"
"2160","1459.5","1459","1460","2.3942402601242065","2.3275160789489746","2.4609644412994385"
"2161","1461.5","1461","1462","2.373510956764221","2.290072441101074","2.456949472427368"
"2162","1463.5","1463","1464","2.255134105682373","2.1937646865844727","2.3165035247802734"
"2163","1465.5","1465","1466","2.251286506652832","2.14146089553833","2.361112117767334"
"2164","1467.5","1467","1468","2.4128321409225464","2.3433010578155518","2.482363224029541"
"2165","1469.5","1469","1470","2.2944493293762207","2.272630214691162","2.3162684440612793"
"2166","1471.5","1471","1472","2.1944671869277954","2.129533529281616","2.2594008445739746"
"2167","1473.5","1473","1474","2.1914608478546143","2.1816325187683105","2.201289176940918"
"2168","1475.5","1475","1476","2.3254207372665405","2.261249303817749","2.389592170715332"
"2169","1477.5","1477","1478","2.38908314704895","2.28545880317688","2.4927074909210205"
"2170","1479.5","1479","1480","2.3183764219284058","2.2839198112487793","2.3528330326080322"
"2171","1481.5","1481","1482","2.144997477531433","2.1382603645324707","2.1517345905303955"
"2172","1483.5","1483","1484","2.1742165088653564","2.1739330291748047","2.174499988555908"
"2173","1485.5","1485","1486","2.256732702255249","2.244713068008423","2.268752336502075"
"2174","1487.5","1487","1488","2.2386715412139893","2.101126194000244","2.3762168884277344"
"2175","1489.5","1489","1490","2.1812082529067993","2.1248817443847656","2.237534761428833"
"2176","1491.5","1491","1492","2.278255343437195","2.2656054496765137","2.290905237197876"
"2177","1493.5","1493","1494","2.183531403541565","2.102780342102051","2.264282464981079"
"2178","1495.5","1495","1496","2.4099613428115845","2.4064388275146484","2.4134838581085205"
"2179","1497.5","1497","1498","2.3267887830734253","2.2440037727355957","2.409573793411255"
"2180","1499.5","1499","1500","2.1656389236450195","2.101022243499756","2.230255603790283"
"2181","1501.5","1501","1502","2.1651641130447388","2.1129300594329834","2.217398166656494"
"2182","1503.5","1503","1504","2.36289644241333","2.3436546325683594","2.382138252258301"
"2183","1505.5","1505","1506","2.3638176918029785","2.316871404647827","2.41076397895813"
"2184","1507.5","1507","1508","2.3046120405197144","2.2073473930358887","2.40187668800354"
"2185","1509.5","1509","1510","2.352209687232971","2.241880416870117","2.462538957595825"
"2186","1511.5","1511","1512","2.2503485679626465","2.2174086570739746","2.2832884788513184"
"2187","1513.5","1513","1514","2.302999258041382","2.2757177352905273","2.3302807807922363"
"2188","1515.5","1515","1516","2.2604845762252808","2.174116611480713","2.3468525409698486"
"2189","1517.5","1517","1518","2.144213318824768","2.072727918624878","2.215698719024658"
"2190","1519.5","1519","1520","2.315144658088684","2.272287130355835","2.358002185821533"
"2191","1521.5","1521","1522","2.231422781944275","2.1608242988586426","2.3020212650299072"
"2192","1523.5","1523","1524","2.2408108711242676","2.1785664558410645","2.3030552864074707"
"2193","1525.5","1525","1526","2.2046072483062744","2.1225929260253906","2.286621570587158"
"2194","1527.5","1527","1528","2.193208694458008","2.1768555641174316","2.209561824798584"
"2195","1529.5","1529","1530","2.3444899320602417","2.303753614425659","2.385226249694824"
"2196","1531.5","1531","1532","2.169817805290222","2.10364031791687","2.235995292663574"
"2197","1533.5","1533","1534","2.3801268339157104","2.357118844985962","2.403134822845459"
"2198","1535.5","1535","1536","2.3123586177825928","2.3035802841186523","2.321136951446533"
"2199","1537.5","1537","1538","2.287777066230774","2.249668836593628","2.32588529586792"
"2200","1539.5","1539","1540","2.36405873298645","2.352555274963379","2.3755621910095215"
"2201","1541.5","1541","1542","2.3596179485321045","2.2905712127685547","2.4286646842956543"
"2202","1543.5","1543","1544","2.2261788845062256","2.189152240753174","2.2632055282592773"
"2203","1545.5","1545","1546","2.068992018699646","2.0252742767333984","2.1127097606658936"
"2204","1547.5","1547","1548","2.2470794916152954","2.1568892002105713","2.3372697830200195"
"2205","1549.5","1549","1550","2.237707734107971","2.194999933242798","2.2804155349731445"
"2206","1551.5","1551","1552","2.33013653755188","2.299791097640991","2.3604819774627686"
"2207","1553.5","1553","1554","2.3399921655654907","2.2871763706207275","2.392807960510254"
"2208","1555.5","1555","1556","2.2175228595733643","2.1764159202575684","2.25862979888916"
"2209","1557.5","1557","1558","2.323342442512512","2.214311361312866","2.432373523712158"
"2210","1559.5","1559","1560","2.399134397506714","2.3158912658691406","2.482377529144287"
"2211","1561.5","1561","1562","2.1922361850738525","2.148503065109253","2.235969305038452"
"2212","1563.5","1563","1564","2.1875909566879272","2.158764123916626","2.2164177894592285"
"2213","1565.5","1565","1566","2.3738940954208374","2.237895965576172","2.509892225265503"
"2214","1567.5","1567","1568","2.1808241605758667","2.1699068546295166","2.191741466522217"
"2215","1569.5","1569","1570","2.2933322191238403","2.20377254486084","2.382891893386841"
"2216","1571.5","1571","1572","2.2451001405715942","2.1723036766052246","2.317896604537964"
"2217","1573.5","1573","1574","2.203522205352783","2.099194049835205","2.3078503608703613"
"2218","1575.5","1575","1576","2.2179731130599976","2.1828818321228027","2.2530643939971924"
"2219","1577.5","1577","1578","2.27486252784729","2.217189311981201","2.332535743713379"
"2220","1579.5","1579","1580","2.079945206642151","2.0597174167633057","2.100172996520996"
"2221","1581.5","1581","1582","2.2214783430099487","2.193002700805664","2.2499539852142334"
"2222","1583.5","1583","1584","2.2219300270080566","2.174703598022461","2.2691564559936523"
"2223","1585.5","1585","1586","2.2731704711914062","2.230952739715576","2.3153882026672363"
"2224","1587.5","1587","1588","2.175940155982971","2.1343398094177246","2.2175405025482178"
"2225","1589.5","1589","1590","2.328350305557251","2.2650158405303955","2.3916847705841064"
"2226","1591.5","1591","1592","2.1730655431747437","2.11445689201355","2.2316741943359375"
"2227","1593.5","1593","1594","2.243495225906372","2.232391834259033","2.254598617553711"
"2228","1595.5","1595","1596","2.2160271406173706","2.2084317207336426","2.2236225605010986"
"2229","1597.5","1597","1598","2.199831008911133","2.123724937438965","2.275937080383301"
"2230","1599.5","1599","1600","2.176202714443207","1.9793449640274048","2.373060464859009"
"2231","1601.5","1601","1602","2.073849081993103","2.0288314819335938","2.1188666820526123"
"2232","1603.5","1603","1604","1.982457160949707","1.9502196311950684","2.0146946907043457"
"2233","1605.5","1605","1606","2.1364587545394897","2.092968225479126","2.1799492835998535"
"2234","1607.5","1607","1608","2.082356572151184","2.0573785305023193","2.107334613800049"
"2235","1609.5","1609","1610","2.1528451442718506","1.9875593185424805","2.3181309700012207"
"2236","1611.5","1611","1612","2.053065776824951","1.891829252243042","2.2143023014068604"
"2237","1613.5","1613","1614","1.9444748163223267","1.792428970336914","2.0965206623077393"
"2238","1615.5","1615","1616","1.974798560142517","1.7888729572296143","2.16072416305542"
"2239","1617.5","1617","1618","2.0067895650863647","1.7628326416015625","2.250746488571167"
"2240","1619.5","1619","1620","2.1980037689208984","2.088954448699951","2.3070530891418457"
"2241","1621.5","1621","1622","2.01706200838089","1.9009853601455688","2.133138656616211"
"2242","1623.5","1623","1624","1.8438591957092285","1.648362398147583","2.039355993270874"
"2243","1625.5","1625","1626","1.974831223487854","1.7129976749420166","2.2366647720336914"
"2244","1627.5","1627","1628","1.8941120505332947","1.7692309617996216","2.0189931392669678"
"2245","1629.5","1629","1630","1.8536169528961182","1.564821481704712","2.1424124240875244"
"2246","1631.5","1631","1632","1.9875917434692383","1.7448632717132568","2.2303202152252197"
"2247","1633.5","1633","1634","1.8391293287277222","1.6452522277832031","2.033006429672241"
"2248","1635.5","1635","1636","1.8205208778381348","1.6338891983032227","2.007152557373047"
"2249","1637.5","1637","1638","1.8293247818946838","1.610587239265442","2.048062324523926"
"2250","1639.5","1639","1640","1.8474268913269043","1.5728647708892822","2.1219890117645264"
"2251","1641.5","1641","1642","1.9528371095657349","1.6240975856781006","2.281576633453369"
"2252","1643.5","1643","1644","1.8247211575508118","1.6130975484848022","2.0363447666168213"
"2253","1645.5","1645","1646","1.629763424396515","1.340015172958374","1.9195116758346558"
"2254","1647.5","1647","1648","1.801453948020935","1.5534930229187012","2.049414873123169"
"2255","1649.5","1649","1650","1.7938487529754639","1.5077667236328125","2.0799307823181152"
"2256","1651.5","1651","1652","1.8595065474510193","1.5696319341659546","2.149381160736084"
"2257","1653.5","1653","1654","1.8258874416351318","1.5220947265625","2.1296801567077637"
"2258","1655.5","1655","1656","1.7705949544906616","1.4591362476348877","2.0820536613464355"
"2259","1657.5","1657","1658","1.7261282801628113","1.4321154356002808","2.020141124725342"
"2260","1659.5","1659","1660","1.8065118789672852","1.4966917037963867","2.1163320541381836"
"2261","1661.5","1661","1662","1.7332116961479187","1.458666443824768","2.0077569484710693"
"2262","1663.5","1663","1664","1.5915661454200745","1.4587724208831787","1.7243598699569702"
"2263","1665.5","1665","1666","1.645152986049652","1.3756470680236816","1.9146589040756226"
"2264","1667.5","1667","1668","1.5701837539672852","1.3784353733062744","1.761932134628296"
"2265","1669.5","1669","1670","1.6612308621406555","1.4539395570755005","1.8685221672058105"
"2266","1671.5","1671","1672","1.5879380702972412","1.3746843338012695","1.801191806793213"
"2267","1673.5","1673","1674","1.782184362411499","1.5227360725402832","2.041632652282715"
"2268","1675.5","1675","1676","1.564201533794403","1.3578195571899414","1.7705835103988647"
"2269","1677.5","1677","1678","1.7244775295257568","1.5461347103118896","1.902820348739624"
"2270","1679.5","1679","1680","1.6082029342651367","1.4687248468399048","1.7476810216903687"
"2271","1681.5","1681","1682","1.5982909798622131","1.3408012390136719","1.8557807207107544"
"2272","1683.5","1683","1684","1.590455949306488","1.380709171295166","1.80020272731781"
"2273","1685.5","1685","1686","1.6071346998214722","1.3532140254974365","1.8610553741455078"
"2274","1687.5","1687","1688","1.474662721157074","1.3036377429962158","1.6456876993179321"
"2275","1689.5","1689","1690","1.4885562062263489","1.3589709997177124","1.6181414127349854"
"2276","1691.5","1691","1692","1.4953325390815735","1.3544702529907227","1.6361948251724243"
"2277","1693.5","1693","1694","1.56354558467865","1.347297191619873","1.7797939777374268"
"2278","1695.5","1695","1696","1.3801556825637817","1.3093986511230469","1.4509127140045166"
"2279","1697.5","1697","1698","1.452708125114441","1.2769453525543213","1.6284708976745605"
"2280","1699.5","1699","1700","1.4261756539344788","1.2620640993118286","1.590287208557129"
"2281","1701.5","1701","1702","1.4281141757965088","1.2398948669433594","1.6163334846496582"
"2282","1703.5","1703","1704","1.3851512670516968","1.2745912075042725","1.495711326599121"
"2283","1705.5","1705","1706","1.3869419693946838","1.2863216400146484","1.4875622987747192"
"2284","1707.5","1707","1708","1.4080066680908203","1.2666339874267578","1.5493793487548828"
"2285","1709.5","1709","1710","1.324293315410614","1.2776538133621216","1.3709328174591064"
"2286","1711.5","1711","1712","1.291430413722992","1.2364885807037354","1.3463722467422485"
"2287","1713.5","1713","1714","1.3052133321762085","1.2476661205291748","1.3627605438232422"
"2288","1715.5","1715","1716","1.3218963742256165","1.28597891330719","1.357813835144043"
"2289","1717.5","1717","1718","1.3117308616638184","1.2439935207366943","1.3794682025909424"
"2290","1719.5","1719","1720","1.2682318687438965","1.1775908470153809","1.358872890472412"
"2291","1721.5","1721","1722","1.3243767023086548","1.2536301612854004","1.3951232433319092"
"2292","1723.5","1723","1724","1.2668664455413818","1.2171010971069336","1.31663179397583"
"2293","1725.5","1725","1726","1.2932143211364746","1.291666030883789","1.2947626113891602"
"2294","1727.5","1727","1728","1.2661425471305847","1.2224781513214111","1.3098069429397583"
"2295","1729.5","1729","1730","1.3092469573020935","1.233349323272705","1.385144591331482"
"2296","1731.5","1731","1732","1.2229970693588257","1.1568925380706787","1.2891016006469727"
"2297","1733.5","1733","1734","1.243511140346527","1.2130244970321655","1.2739977836608887"
"2298","1735.5","1735","1736","1.2434800863265991","1.2343709468841553","1.252589225769043"
"2299","1737.5","1737","1738","1.2508203387260437","1.193495512008667","1.3081451654434204"
"2300","1739.5","1739","1740","1.2156844735145569","1.1859171390533447","1.245451807975769"
"2301","1741.5","1741","1742","1.2870058417320251","1.235318899154663","1.3386927843093872"
"2302","1743.5","1743","1744","1.2383392453193665","1.1948903799057007","1.2817881107330322"
"2303","1745.5","1745","1746","1.2655550241470337","1.2146673202514648","1.3164427280426025"
"2304","1747.5","1747","1748","1.2589818835258484","1.1932135820388794","1.3247501850128174"
"2305","1749.5","1749","1750","1.245314598083496","1.1987941265106201","1.291835069656372"
"2306","1751.5","1751","1752","1.2047497630119324","1.2038487195968628","1.205650806427002"
"2307","1753.5","1753","1754","1.2365440130233765","1.200332522392273","1.27275550365448"
"2308","1755.5","1755","1756","1.2513094544410706","1.2498087882995605","1.2528101205825806"
"2309","1757.5","1757","1758","1.2919679284095764","1.2548362016677856","1.3290996551513672"
"2310","1759.5","1759","1760","1.2579222917556763","1.2089135646820068","1.3069310188293457"
"2311","1761.5","1761","1762","1.2010587453842163","1.1527725458145142","1.2493449449539185"
"2312","1763.5","1763","1764","1.2774001359939575","1.2191334962844849","1.3356667757034302"
"2313","1765.5","1765","1766","1.280003011226654","1.1780810356140137","1.3819249868392944"
"2314","1767.5","1767","1768","1.2037928104400635","1.1883032321929932","1.2192823886871338"
"2315","1769.5","1769","1770","1.2424461245536804","1.1657603979110718","1.319131851196289"
"2316","1771.5","1771","1772","1.1892105340957642","1.1747357845306396","1.2036852836608887"
"2317","1773.5","1773","1774","1.1973106861114502","1.140629529953003","1.2539918422698975"
"2318","1775.5","1775","1776","1.287368893623352","1.2364698648452759","1.3382679224014282"
"2319","1777.5","1777","1778","1.190123975276947","1.166803240776062","1.213444709777832"
"2320","1779.5","1779","1780","1.2020809054374695","1.1785666942596436","1.2255951166152954"
"2321","1781.5","1781","1782","1.20260089635849","1.1772211790084839","1.227980613708496"
"2322","1783.5","1783","1784","1.2565774321556091","1.241603136062622","1.2715517282485962"
"2323","1785.5","1785","1786","1.2135866284370422","1.1653189659118652","1.2618542909622192"
"2324","1787.5","1787","1788","1.1817606687545776","1.0863149166107178","1.2772064208984375"
"2325","1789.5","1789","1790","1.212647795677185","1.1529268026351929","1.2723687887191772"
"2326","1791.5","1791","1792","1.2138077020645142","1.1740970611572266","1.2535183429718018"
"2327","1793.5","1793","1794","1.2216271758079529","1.1613799333572388","1.281874418258667"
"2328","1795.5","1795","1796","1.2204132080078125","1.1581532955169678","1.2826731204986572"
"2329","1797.5","1797","1798","1.2829164862632751","1.2714177370071411","1.2944152355194092"
"2330","1799.5","1799","1800","1.1929022073745728","1.170276165008545","1.2155282497406006"
"2331","1801.5","1801","1802","1.24239981174469","1.1648046970367432","1.3199949264526367"
"2332","1803.5","1803","1804","1.1732555627822876","1.1338998079299927","1.2126113176345825"
"2333","1805.5","1805","1806","1.2267730236053467","1.1549633741378784","1.298582673072815"
"2334","1807.5","1807","1808","1.2313804030418396","1.193587064743042","1.2691737413406372"
"2335","1809.5","1809","1810","1.2131068706512451","1.2017242908477783","1.224489450454712"
"2336","1811.5","1811","1812","1.168327808380127","1.124586820602417","1.212068796157837"
"2337","1813.5","1813","1814","1.1807355284690857","1.143235445022583","1.2182356119155884"
"2338","1815.5","1815","1816","1.1866088509559631","1.1749614477157593","1.198256254196167"
"2339","1817.5","1817","1818","1.1562779545783997","1.10642671585083","1.2061291933059692"
"2340","1819.5","1819","1820","1.1794064044952393","1.1379880905151367","1.2208247184753418"
"2341","1821.5","1821","1822","1.220130741596222","1.1521486043930054","1.2881128787994385"
"2342","1823.5","1823","1824","1.1749714016914368","1.1019247770309448","1.2480180263519287"
"2343","1825.5","1825","1826","1.2464172840118408","1.1868834495544434","1.3059511184692383"
"2344","1827.5","1827","1828","1.2477304935455322","1.1863683462142944","1.30909264087677"
"2345","1829.5","1829","1830","1.1154765486717224","1.1025689840316772","1.1283841133117676"
"2346","1831.5","1831","1832","1.2235811352729797","1.208413004875183","1.2387492656707764"
"2347","1833.5","1833","1834","1.2519859075546265","1.169256329536438","1.334715485572815"
"2348","1835.5","1835","1836","1.180114507675171","1.119484782218933","1.2407442331314087"
"2349","1837.5","1837","1838","1.1865859031677246","1.1118433475494385","1.2613284587860107"
"2350","1839.5","1839","1840","1.1445350050926208","1.138542890548706","1.1505271196365356"
"2351","1841.5","1841","1842","1.164040744304657","1.1172230243682861","1.2108584642410278"
"2352","1843.5","1843","1844","1.2244542241096497","1.1847020387649536","1.2642064094543457"
"2353","1845.5","1845","1846","1.1882882118225098","1.1849582195281982","1.1916182041168213"
"2354","1847.5","1847","1848","1.1834009885787964","1.1785602569580078","1.188241720199585"
"2355","1849.5","1849","1850","1.2071871757507324","1.1753499507904053","1.2390244007110596"
"2356","1851.5","1851","1852","1.1917898654937744","1.1021696329116821","1.2814100980758667"
"2357","1853.5","1853","1854","1.2309373617172241","1.1846429109573364","1.2772318124771118"
"2358","1855.5","1855","1856","1.1830205917358398","1.1284968852996826","1.237544298171997"
"2359","1857.5","1857","1858","1.2303829789161682","1.2230926752090454","1.237673282623291"
"2360","1859","1859","1859","1.137209177017212","1.137209177017212","1.137209177017212"