"total_tokens","recur1b-mig-212 - _step","recur1b-mig-212 - _step__MIN","recur1b-mig-212 - _step__MAX","recur1b-mig-212 - val_loss_1","recur1b-mig-212 - val_loss_1__MIN","recur1b-mig-212 - val_loss_1__MAX","recur1b-mig-212 - val_loss_2","recur1b-mig-212 - val_loss_2__MIN","recur1b-mig-212 - val_loss_2__MAX","recur1b-mig-212 - val_loss_4","recur1b-mig-212 - val_loss_4__MIN","recur1b-mig-212 - val_loss_4__MAX","recur1b-mig-212 - val_loss_8","recur1b-mig-212 - val_loss_8__MIN","recur1b-mig-212 - val_loss_8__MAX","recur1b-mig-212 - val_loss_16","recur1b-mig-212 - val_loss_16__MIN","recur1b-mig-212 - val_loss_16__MAX"
"33554432","31","31","31","10.049283981323242","10.049283981323242","10.049283981323242","9.681154251098633","9.681154251098633","9.681154251098633","9.543536186218262","9.543536186218262","9.543536186218262","9.501579284667969","9.501579284667969","9.501579284667969","9.4811429977417","9.4811429977417","9.4811429977417"
"67108864","63","63","63","7.752114295959473","7.752114295959473","7.752114295959473","7.664586544036865","7.664586544036865","7.664586544036865","7.630918979644775","7.630918979644775","7.630918979644775","7.622753143310547","7.622753143310547","7.622753143310547","7.622493743896484","7.622493743896484","7.622493743896484"
"100663296","95","95","95","7.1197028160095215","7.1197028160095215","7.1197028160095215","6.969860553741455","6.969860553741455","6.969860553741455","6.913377285003662","6.913377285003662","6.913377285003662","6.9016008377075195","6.9016008377075195","6.9016008377075195","6.901212215423584","6.901212215423584","6.901212215423584"
"134217728","127","127","127","6.812151908874512","6.812151908874512","6.812151908874512","6.585270881652832","6.585270881652832","6.585270881652832","6.481326580047607","6.481326580047607","6.481326580047607","6.4639763832092285","6.4639763832092285","6.4639763832092285","6.463515281677246","6.463515281677246","6.463515281677246"
"167772160","159","159","159","6.563268661499023","6.563268661499023","6.563268661499023","6.251795768737793","6.251795768737793","6.251795768737793","6.110212326049805","6.110212326049805","6.110212326049805","6.085843563079834","6.085843563079834","6.085843563079834","6.085168838500977","6.085168838500977","6.085168838500977"
"201326592","191","191","191","6.386402130126953","6.386402130126953","6.386402130126953","6.015580654144287","6.015580654144287","6.015580654144287","5.856619834899902","5.856619834899902","5.856619834899902","5.829416275024414","5.829416275024414","5.829416275024414","5.8286285400390625","5.8286285400390625","5.8286285400390625"
"234881024","223","223","223","6.252353191375732","6.252353191375732","6.252353191375732","5.841665267944336","5.841665267944336","5.841665267944336","5.67010498046875","5.67010498046875","5.67010498046875","5.642218589782715","5.642218589782715","5.642218589782715","5.641350269317627","5.641350269317627","5.641350269317627"
"268435456","255","255","255","6.160725116729736","6.160725116729736","6.160725116729736","5.718517780303955","5.718517780303955","5.718517780303955","5.536145210266113","5.536145210266113","5.536145210266113","5.508431434631348","5.508431434631348","5.508431434631348","5.508298873901367","5.508298873901367","5.508298873901367"
"301989888","287","287","287","6.071567535400391","6.071567535400391","6.071567535400391","5.605956554412842","5.605956554412842","5.605956554412842","5.4169206619262695","5.4169206619262695","5.4169206619262695","5.3871870040893555","5.3871870040893555","5.3871870040893555","5.386953353881836","5.386953353881836","5.386953353881836"
"335544320","319","319","319","5.992056846618652","5.992056846618652","5.992056846618652","5.51481819152832","5.51481819152832","5.51481819152832","5.3181939125061035","5.3181939125061035","5.3181939125061035","5.287151336669922","5.287151336669922","5.287151336669922","5.286304950714111","5.286304950714111","5.286304950714111"
"369098752","351","351","351","5.924938201904297","5.924938201904297","5.924938201904297","5.4287824630737305","5.4287824630737305","5.4287824630737305","5.2247724533081055","5.2247724533081055","5.2247724533081055","5.192254066467285","5.192254066467285","5.192254066467285","5.191134452819824","5.191134452819824","5.191134452819824"
"402653184","383","383","383","5.886630058288574","5.886630058288574","5.886630058288574","5.363940238952637","5.363940238952637","5.363940238952637","5.151267051696777","5.151267051696777","5.151267051696777","5.117980003356934","5.117980003356934","5.117980003356934","5.116452693939209","5.116452693939209","5.116452693939209"
"436207616","415","415","415","5.848565578460693","5.848565578460693","5.848565578460693","5.307826042175293","5.307826042175293","5.307826042175293","5.082611083984375","5.082611083984375","5.082611083984375","5.046672821044922","5.046672821044922","5.046672821044922","5.045952796936035","5.045952796936035","5.045952796936035"
"469762048","447","447","447","5.810967445373535","5.810967445373535","5.810967445373535","5.240036964416504","5.240036964416504","5.240036964416504","5.003170967102051","5.003170967102051","5.003170967102051","4.964692115783691","4.964692115783691","4.964692115783691","4.963534355163574","4.963534355163574","4.963534355163574"
"503316480","479","479","479","5.787720680236816","5.787720680236816","5.787720680236816","5.192713737487793","5.192713737487793","5.192713737487793","4.939798355102539","4.939798355102539","4.939798355102539","4.897354602813721","4.897354602813721","4.897354602813721","4.896078586578369","4.896078586578369","4.896078586578369"
"536870912","511","511","511","5.753617286682129","5.753617286682129","5.753617286682129","5.1371588706970215","5.1371588706970215","5.1371588706970215","4.875306129455566","4.875306129455566","4.875306129455566","4.828902721405029","4.828902721405029","4.828902721405029","4.827387809753418","4.827387809753418","4.827387809753418"
"570425344","543","543","543","5.731193542480469","5.731193542480469","5.731193542480469","5.093784332275391","5.093784332275391","5.093784332275391","4.815385818481445","4.815385818481445","4.815385818481445","4.764106273651123","4.764106273651123","4.764106273651123","4.762317657470703","4.762317657470703","4.762317657470703"
"603979776","575","575","575","5.714112281799316","5.714112281799316","5.714112281799316","5.054416656494141","5.054416656494141","5.054416656494141","4.7599029541015625","4.7599029541015625","4.7599029541015625","4.704926490783691","4.704926490783691","4.704926490783691","4.703037261962891","4.703037261962891","4.703037261962891"
"637534208","607","607","607","5.707620620727539","5.707620620727539","5.707620620727539","5.0275468826293945","5.0275468826293945","5.0275468826293945","4.717045783996582","4.717045783996582","4.717045783996582","4.656243324279785","4.656243324279785","4.656243324279785","4.654114723205566","4.654114723205566","4.654114723205566"
"671088640","639","639","639","5.676167011260986","5.676167011260986","5.676167011260986","4.982628345489502","4.982628345489502","4.982628345489502","4.657329559326172","4.657329559326172","4.657329559326172","4.592883110046387","4.592883110046387","4.592883110046387","4.590522289276123","4.590522289276123","4.590522289276123"
"704643072","671","671","671","5.661514759063721","5.661514759063721","5.661514759063721","4.947685718536377","4.947685718536377","4.947685718536377","4.610622406005859","4.610622406005859","4.610622406005859","4.542505264282227","4.542505264282227","4.542505264282227","4.539931774139404","4.539931774139404","4.539931774139404"
"738197504","703","703","703","5.646448135375977","5.646448135375977","5.646448135375977","4.9153852462768555","4.9153852462768555","4.9153852462768555","4.563921928405762","4.563921928405762","4.563921928405762","4.493703842163086","4.493703842163086","4.493703842163086","4.491092681884766","4.491092681884766","4.491092681884766"
"771751936","735","735","735","5.631434917449951","5.631434917449951","5.631434917449951","4.88347864151001","4.88347864151001","4.88347864151001","4.5191650390625","4.5191650390625","4.5191650390625","4.445736885070801","4.445736885070801","4.445736885070801","4.442849636077881","4.442849636077881","4.442849636077881"
"805306368","767","767","767","5.625871658325195","5.625871658325195","5.625871658325195","4.853419303894043","4.853419303894043","4.853419303894043","4.478824138641357","4.478824138641357","4.478824138641357","4.4024128913879395","4.4024128913879395","4.4024128913879395","4.399604797363281","4.399604797363281","4.399604797363281"
"838860800","799","799","799","5.610934734344482","5.610934734344482","5.610934734344482","4.827361106872559","4.827361106872559","4.827361106872559","4.443352699279785","4.443352699279785","4.443352699279785","4.362604141235352","4.362604141235352","4.362604141235352","4.359590530395508","4.359590530395508","4.359590530395508"
"872415232","831","831","831","5.603667259216309","5.603667259216309","5.603667259216309","4.800771713256836","4.800771713256836","4.800771713256836","4.4036173820495605","4.4036173820495605","4.4036173820495605","4.32138729095459","4.32138729095459","4.32138729095459","4.317935943603516","4.317935943603516","4.317935943603516"
"905969664","863","863","863","5.592209339141846","5.592209339141846","5.592209339141846","4.77850866317749","4.77850866317749","4.77850866317749","4.369257926940918","4.369257926940918","4.369257926940918","4.2828192710876465","4.2828192710876465","4.2828192710876465","4.279654026031494","4.279654026031494","4.279654026031494"
"939524096","895","895","895","5.577861785888672","5.577861785888672","5.577861785888672","4.75223970413208","4.75223970413208","4.75223970413208","4.333709239959717","4.333709239959717","4.333709239959717","4.245069980621338","4.245069980621338","4.245069980621338","4.241678714752197","4.241678714752197","4.241678714752197"
"973078528","927","927","927","5.572569370269775","5.572569370269775","5.572569370269775","4.730282306671143","4.730282306671143","4.730282306671143","4.299928665161133","4.299928665161133","4.299928665161133","4.210207462310791","4.210207462310791","4.210207462310791","4.206634521484375","4.206634521484375","4.206634521484375"
"1006632960","959","959","959","5.564120292663574","5.564120292663574","5.564120292663574","4.709985733032227","4.709985733032227","4.709985733032227","4.269083499908447","4.269083499908447","4.269083499908447","4.1773834228515625","4.1773834228515625","4.1773834228515625","4.174088478088379","4.174088478088379","4.174088478088379"
"1040187392","991","991","991","5.558526039123535","5.558526039123535","5.558526039123535","4.689865589141846","4.689865589141846","4.689865589141846","4.242372512817383","4.242372512817383","4.242372512817383","4.148171901702881","4.148171901702881","4.148171901702881","4.14472770690918","4.14472770690918","4.14472770690918"
"1073741824","1023","1023","1023","5.5334882736206055","5.5334882736206055","5.5334882736206055","4.657895088195801","4.657895088195801","4.657895088195801","4.202121734619141","4.202121734619141","4.202121734619141","4.107204914093018","4.107204914093018","4.107204914093018","4.103780269622803","4.103780269622803","4.103780269622803"
"1107296256","1055","1055","1055","5.519440650939941","5.519440650939941","5.519440650939941","4.631243705749512","4.631243705749512","4.631243705749512","4.167263984680176","4.167263984680176","4.167263984680176","4.072287559509277","4.072287559509277","4.072287559509277","4.0687055587768555","4.0687055587768555","4.0687055587768555"
"1140850688","1087","1087","1087","5.5119524002075195","5.5119524002075195","5.5119524002075195","4.609557151794434","4.609557151794434","4.609557151794434","4.136730194091797","4.136730194091797","4.136730194091797","4.041041374206543","4.041041374206543","4.041041374206543","4.037592887878418","4.037592887878418","4.037592887878418"
"1174405120","1119","1119","1119","5.504115104675293","5.504115104675293","5.504115104675293","4.582056045532227","4.582056045532227","4.582056045532227","4.102707862854004","4.102707862854004","4.102707862854004","4.007136821746826","4.007136821746826","4.007136821746826","4.003711700439453","4.003711700439453","4.003711700439453"
"1207959552","1151","1151","1151","5.503265857696533","5.503265857696533","5.503265857696533","4.559028625488281","4.559028625488281","4.559028625488281","4.071452617645264","4.071452617645264","4.071452617645264","3.976250648498535","3.976250648498535","3.976250648498535","3.9728803634643555","3.9728803634643555","3.9728803634643555"
"1241513984","1183","1183","1183","5.497579574584961","5.497579574584961","5.497579574584961","4.535210609436035","4.535210609436035","4.535210609436035","4.041776657104492","4.041776657104492","4.041776657104492","3.9469823837280273","3.9469823837280273","3.9469823837280273","3.9433276653289795","3.9433276653289795","3.9433276653289795"
"1275068416","1215","1215","1215","5.474671363830566","5.474671363830566","5.474671363830566","4.507051467895508","4.507051467895508","4.507051467895508","4.0113725662231445","4.0113725662231445","4.0113725662231445","3.9170947074890137","3.9170947074890137","3.9170947074890137","3.913616180419922","3.913616180419922","3.913616180419922"
"1308622848","1247","1247","1247","5.463686466217041","5.463686466217041","5.463686466217041","4.48264741897583","4.48264741897583","4.48264741897583","3.9831185340881348","3.9831185340881348","3.9831185340881348","3.8885295391082764","3.8885295391082764","3.8885295391082764","3.8848414421081543","3.8848414421081543","3.8848414421081543"
"1342177280","1279","1279","1279","5.447041988372803","5.447041988372803","5.447041988372803","4.454345703125","4.454345703125","4.454345703125","3.9545090198516846","3.9545090198516846","3.9545090198516846","3.860023260116577","3.860023260116577","3.860023260116577","3.8564977645874023","3.8564977645874023","3.8564977645874023"
"1375731712","1311","1311","1311","5.433737277984619","5.433737277984619","5.433737277984619","4.433331489562988","4.433331489562988","4.433331489562988","3.929238796234131","3.929238796234131","3.929238796234131","3.8353347778320312","3.8353347778320312","3.8353347778320312","3.8318395614624023","3.8318395614624023","3.8318395614624023"
"1409286144","1343","1343","1343","5.434966087341309","5.434966087341309","5.434966087341309","4.4085540771484375","4.4085540771484375","4.4085540771484375","3.9079396724700928","3.9079396724700928","3.9079396724700928","3.8146376609802246","3.8146376609802246","3.8146376609802246","3.811276435852051","3.811276435852051","3.811276435852051"
"1442840576","1375","1375","1375","5.42122745513916","5.42122745513916","5.42122745513916","4.378324508666992","4.378324508666992","4.378324508666992","3.8742871284484863","3.8742871284484863","3.8742871284484863","3.78190541267395","3.78190541267395","3.78190541267395","3.7785184383392334","3.7785184383392334","3.7785184383392334"
"1476395008","1407","1407","1407","5.417357444763184","5.417357444763184","5.417357444763184","4.356954574584961","4.356954574584961","4.356954574584961","3.85853910446167","3.85853910446167","3.85853910446167","3.767695903778076","3.767695903778076","3.767695903778076","3.764410972595215","3.764410972595215","3.764410972595215"
"1509949440","1439","1439","1439","5.390819072723389","5.390819072723389","5.390819072723389","4.323487281799316","4.323487281799316","4.323487281799316","3.830090284347534","3.830090284347534","3.830090284347534","3.740023612976074","3.740023612976074","3.740023612976074","3.7371082305908203","3.7371082305908203","3.7371082305908203"
"1543503872","1471","1471","1471","5.385125160217285","5.385125160217285","5.385125160217285","4.306281089782715","4.306281089782715","4.306281089782715","3.8096511363983154","3.8096511363983154","3.8096511363983154","3.719947576522827","3.719947576522827","3.719947576522827","3.716921091079712","3.716921091079712","3.716921091079712"
"1577058304","1503","1503","1503","5.373249053955078","5.373249053955078","5.373249053955078","4.284831523895264","4.284831523895264","4.284831523895264","3.7904086112976074","3.7904086112976074","3.7904086112976074","3.701296329498291","3.701296329498291","3.701296329498291","3.698436975479126","3.698436975479126","3.698436975479126"
"1610612736","1535","1535","1535","5.366467475891113","5.366467475891113","5.366467475891113","4.268697738647461","4.268697738647461","4.268697738647461","3.7757833003997803","3.7757833003997803","3.7757833003997803","3.6876327991485596","3.6876327991485596","3.6876327991485596","3.684823513031006","3.684823513031006","3.684823513031006"
"1644167168","1567","1567","1567","5.343785285949707","5.343785285949707","5.343785285949707","4.241513252258301","4.241513252258301","4.241513252258301","3.7506253719329834","3.7506253719329834","3.7506253719329834","3.6628286838531494","3.6628286838531494","3.6628286838531494","3.6599395275115967","3.6599395275115967","3.6599395275115967"
"1677721600","1599","1599","1599","5.32649564743042","5.32649564743042","5.32649564743042","4.227388858795166","4.227388858795166","4.227388858795166","3.735567569732666","3.735567569732666","3.735567569732666","3.648441791534424","3.648441791534424","3.648441791534424","3.64583158493042","3.64583158493042","3.64583158493042"
"1711276032","1631","1631","1631","5.31295108795166","5.31295108795166","5.31295108795166","4.204351902008057","4.204351902008057","4.204351902008057","3.7176496982574463","3.7176496982574463","3.7176496982574463","3.6323819160461426","3.6323819160461426","3.6323819160461426","3.629591703414917","3.629591703414917","3.629591703414917"
"1744830464","1663","1663","1663","5.306291580200195","5.306291580200195","5.306291580200195","4.186554908752441","4.186554908752441","4.186554908752441","3.7053234577178955","3.7053234577178955","3.7053234577178955","3.621034622192383","3.621034622192383","3.621034622192383","3.6181747913360596","3.6181747913360596","3.6181747913360596"
"1778384896","1695","1695","1695","5.291887283325195","5.291887283325195","5.291887283325195","4.169505596160889","4.169505596160889","4.169505596160889","3.686584949493408","3.686584949493408","3.686584949493408","3.603391647338867","3.603391647338867","3.603391647338867","3.6008527278900146","3.6008527278900146","3.6008527278900146"
"1811939328","1727","1727","1727","5.280679702758789","5.280679702758789","5.280679702758789","4.1512885093688965","4.1512885093688965","4.1512885093688965","3.671022653579712","3.671022653579712","3.671022653579712","3.588303565979004","3.588303565979004","3.588303565979004","3.585469961166382","3.585469961166382","3.585469961166382"
"1845493760","1759","1759","1759","5.2679548263549805","5.2679548263549805","5.2679548263549805","4.139150142669678","4.139150142669678","4.139150142669678","3.6627063751220703","3.6627063751220703","3.6627063751220703","3.581325054168701","3.581325054168701","3.581325054168701","3.578911781311035","3.578911781311035","3.578911781311035"
"1879048192","1791","1791","1791","5.25374698638916","5.25374698638916","5.25374698638916","4.117908954620361","4.117908954620361","4.117908954620361","3.645406723022461","3.645406723022461","3.645406723022461","3.564932346343994","3.564932346343994","3.564932346343994","3.5623533725738525","3.5623533725738525","3.5623533725738525"
"1912602624","1823","1823","1823","5.248323917388916","5.248323917388916","5.248323917388916","4.105155944824219","4.105155944824219","4.105155944824219","3.6329505443573","3.6329505443573","3.6329505443573","3.5528013706207275","3.5528013706207275","3.5528013706207275","3.550145149230957","3.550145149230957","3.550145149230957"
"1946157056","1855","1855","1855","5.238961219787598","5.238961219787598","5.238961219787598","4.087153434753418","4.087153434753418","4.087153434753418","3.6170523166656494","3.6170523166656494","3.6170523166656494","3.537607431411743","3.537607431411743","3.537607431411743","3.535055637359619","3.535055637359619","3.535055637359619"
"1979711488","1887","1887","1887","5.216210842132568","5.216210842132568","5.216210842132568","4.067102909088135","4.067102909088135","4.067102909088135","3.6040821075439453","3.6040821075439453","3.6040821075439453","3.5253164768218994","3.5253164768218994","3.5253164768218994","3.52268123626709","3.52268123626709","3.52268123626709"
"2013265920","1919","1919","1919","5.2043538093566895","5.2043538093566895","5.2043538093566895","4.049981594085693","4.049981594085693","4.049981594085693","3.591177225112915","3.591177225112915","3.591177225112915","3.513765573501587","3.513765573501587","3.513765573501587","3.511207342147827","3.511207342147827","3.511207342147827"
"2046820352","1951","1951","1951","5.20296049118042","5.20296049118042","5.20296049118042","4.038278579711914","4.038278579711914","4.038278579711914","3.5808963775634766","3.5808963775634766","3.5808963775634766","3.503988742828369","3.503988742828369","3.503988742828369","3.501722812652588","3.501722812652588","3.501722812652588"
"2080374784","1983","1983","1983","5.189480304718018","5.189480304718018","5.189480304718018","4.023727893829346","4.023727893829346","4.023727893829346","3.566854476928711","3.566854476928711","3.566854476928711","3.4896199703216553","3.4896199703216553","3.4896199703216553","3.4872219562530518","3.4872219562530518","3.4872219562530518"
"2113929216","2015","2015","2015","5.183255195617676","5.183255195617676","5.183255195617676","4.0106096267700195","4.0106096267700195","4.0106096267700195","3.5554418563842773","3.5554418563842773","3.5554418563842773","3.4801642894744873","3.4801642894744873","3.4801642894744873","3.477764129638672","3.477764129638672","3.477764129638672"
"2147483648","2047","2047","2047","5.170424938201904","5.170424938201904","5.170424938201904","3.99886417388916","3.99886417388916","3.99886417388916","3.5452752113342285","3.5452752113342285","3.5452752113342285","3.4706130027770996","3.4706130027770996","3.4706130027770996","3.4684431552886963","3.4684431552886963","3.4684431552886963"
"2181038080","2079","2079","2079","5.159891128540039","5.159891128540039","5.159891128540039","3.9839468002319336","3.9839468002319336","3.9839468002319336","3.534472703933716","3.534472703933716","3.534472703933716","3.4607458114624023","3.4607458114624023","3.4607458114624023","3.458427667617798","3.458427667617798","3.458427667617798"
"2214592512","2111","2111","2111","5.150058269500732","5.150058269500732","5.150058269500732","3.9727187156677246","3.9727187156677246","3.9727187156677246","3.526444911956787","3.526444911956787","3.526444911956787","3.453001022338867","3.453001022338867","3.453001022338867","3.4507265090942383","3.4507265090942383","3.4507265090942383"
"2248146944","2143","2143","2143","5.1384477615356445","5.1384477615356445","5.1384477615356445","3.9589970111846924","3.9589970111846924","3.9589970111846924","3.515979290008545","3.515979290008545","3.515979290008545","3.443232536315918","3.443232536315918","3.443232536315918","3.4409146308898926","3.4409146308898926","3.4409146308898926"
"2281701376","2175","2175","2175","5.132266998291016","5.132266998291016","5.132266998291016","3.94880747795105","3.94880747795105","3.94880747795105","3.504202127456665","3.504202127456665","3.504202127456665","3.432854413986206","3.432854413986206","3.432854413986206","3.430525064468384","3.430525064468384","3.430525064468384"
"2315255808","2207","2207","2207","5.135626792907715","5.135626792907715","5.135626792907715","3.936147689819336","3.936147689819336","3.936147689819336","3.4961793422698975","3.4961793422698975","3.4961793422698975","3.424081802368164","3.424081802368164","3.424081802368164","3.42172908782959","3.42172908782959","3.42172908782959"
"2348810240","2239","2239","2239","5.121988296508789","5.121988296508789","5.121988296508789","3.9274041652679443","3.9274041652679443","3.9274041652679443","3.490262746810913","3.490262746810913","3.490262746810913","3.4185194969177246","3.4185194969177246","3.4185194969177246","3.4162535667419434","3.4162535667419434","3.4162535667419434"
"2382364672","2271","2271","2271","5.125126838684082","5.125126838684082","5.125126838684082","3.9178171157836914","3.9178171157836914","3.9178171157836914","3.481870412826538","3.481870412826538","3.481870412826538","3.409322738647461","3.409322738647461","3.409322738647461","3.407177448272705","3.407177448272705","3.407177448272705"
"2415919104","2303","2303","2303","5.097215175628662","5.097215175628662","5.097215175628662","3.9018259048461914","3.9018259048461914","3.9018259048461914","3.4696097373962402","3.4696097373962402","3.4696097373962402","3.3993210792541504","3.3993210792541504","3.3993210792541504","3.39713978767395","3.39713978767395","3.39713978767395"
"2449473536","2335","2335","2335","5.094442367553711","5.094442367553711","5.094442367553711","3.8962321281433105","3.8962321281433105","3.8962321281433105","3.4632174968719482","3.4632174968719482","3.4632174968719482","3.392782211303711","3.392782211303711","3.392782211303711","3.3905677795410156","3.3905677795410156","3.3905677795410156"
"2483027968","2367","2367","2367","5.075169563293457","5.075169563293457","5.075169563293457","3.882415294647217","3.882415294647217","3.882415294647217","3.4541523456573486","3.4541523456573486","3.4541523456573486","3.383862018585205","3.383862018585205","3.383862018585205","3.381645441055298","3.381645441055298","3.381645441055298"
"2516582400","2399","2399","2399","5.065741539001465","5.065741539001465","5.065741539001465","3.8739163875579834","3.8739163875579834","3.8739163875579834","3.443547487258911","3.443547487258911","3.443547487258911","3.3753819465637207","3.3753819465637207","3.3753819465637207","3.3729565143585205","3.3729565143585205","3.3729565143585205"
"2550136832","2431","2431","2431","5.064321517944336","5.064321517944336","5.064321517944336","3.860509157180786","3.860509157180786","3.860509157180786","3.4378914833068848","3.4378914833068848","3.4378914833068848","3.3691329956054688","3.3691329956054688","3.3691329956054688","3.3669683933258057","3.3669683933258057","3.3669683933258057"
"2583691264","2463","2463","2463","5.060524940490723","5.060524940490723","5.060524940490723","3.8544585704803467","3.8544585704803467","3.8544585704803467","3.43289852142334","3.43289852142334","3.43289852142334","3.36407732963562","3.36407732963562","3.36407732963562","3.361915349960327","3.361915349960327","3.361915349960327"
"2617245696","2495","2495","2495","5.052132606506348","5.052132606506348","5.052132606506348","3.841747760772705","3.841747760772705","3.841747760772705","3.4243454933166504","3.4243454933166504","3.4243454933166504","3.3569955825805664","3.3569955825805664","3.3569955825805664","3.354980707168579","3.354980707168579","3.354980707168579"
"2650800128","2527","2527","2527","5.036259651184082","5.036259651184082","5.036259651184082","3.8312432765960693","3.8312432765960693","3.8312432765960693","3.413349151611328","3.413349151611328","3.413349151611328","3.3460423946380615","3.3460423946380615","3.3460423946380615","3.3439793586730957","3.3439793586730957","3.3439793586730957"
"2684354560","2559","2559","2559","5.030652046203613","5.030652046203613","5.030652046203613","3.819376230239868","3.819376230239868","3.819376230239868","3.4029390811920166","3.4029390811920166","3.4029390811920166","3.3357691764831543","3.3357691764831543","3.3357691764831543","3.333914279937744","3.333914279937744","3.333914279937744"
"2717908992","2591","2591","2591","5.0023603439331055","5.0023603439331055","5.0023603439331055","3.8151540756225586","3.8151540756225586","3.8151540756225586","3.401369571685791","3.401369571685791","3.401369571685791","3.3347597122192383","3.3347597122192383","3.3347597122192383","3.3327512741088867","3.3327512741088867","3.3327512741088867"
"2751463424","2623","2623","2623","4.993227481842041","4.993227481842041","4.993227481842041","3.807147979736328","3.807147979736328","3.807147979736328","3.3910000324249268","3.3910000324249268","3.3910000324249268","3.324183464050293","3.324183464050293","3.324183464050293","3.3222570419311523","3.3222570419311523","3.3222570419311523"
"2785017856","2655","2655","2655","5.004063606262207","5.004063606262207","5.004063606262207","3.7934131622314453","3.7934131622314453","3.7934131622314453","3.3805129528045654","3.3805129528045654","3.3805129528045654","3.3156347274780273","3.3156347274780273","3.3156347274780273","3.3137118816375732","3.3137118816375732","3.3137118816375732"
"2818572288","2687","2687","2687","4.989751815795898","4.989751815795898","4.989751815795898","3.7890660762786865","3.7890660762786865","3.7890660762786865","3.375913619995117","3.375913619995117","3.375913619995117","3.310509204864502","3.310509204864502","3.310509204864502","3.3084819316864014","3.3084819316864014","3.3084819316864014"
"2852126720","2719","2719","2719","4.956399440765381","4.956399440765381","4.956399440765381","3.7795662879943848","3.7795662879943848","3.7795662879943848","3.370027780532837","3.370027780532837","3.370027780532837","3.305457353591919","3.305457353591919","3.305457353591919","3.3036274909973145","3.3036274909973145","3.3036274909973145"
"2885681152","2751","2751","2751","4.953130722045898","4.953130722045898","4.953130722045898","3.7746529579162598","3.7746529579162598","3.7746529579162598","3.3680484294891357","3.3680484294891357","3.3680484294891357","3.3036744594573975","3.3036744594573975","3.3036744594573975","3.301738739013672","3.301738739013672","3.301738739013672"
"2919235584","2783","2783","2783","4.94829797744751","4.94829797744751","4.94829797744751","3.7650973796844482","3.7650973796844482","3.7650973796844482","3.3578128814697266","3.3578128814697266","3.3578128814697266","3.293950080871582","3.293950080871582","3.293950080871582","3.292141914367676","3.292141914367676","3.292141914367676"
"2952790016","2815","2815","2815","4.938948631286621","4.938948631286621","4.938948631286621","3.762749671936035","3.762749671936035","3.762749671936035","3.354691505432129","3.354691505432129","3.354691505432129","3.290998935699463","3.290998935699463","3.290998935699463","3.2891716957092285","3.2891716957092285","3.2891716957092285"
"2986344448","2847","2847","2847","4.931390762329102","4.931390762329102","4.931390762329102","3.7465250492095947","3.7465250492095947","3.7465250492095947","3.343336582183838","3.343336582183838","3.343336582183838","3.280125856399536","3.280125856399536","3.280125856399536","3.278412103652954","3.278412103652954","3.278412103652954"
"3019898880","2879","2879","2879","4.9131975173950195","4.9131975173950195","4.9131975173950195","3.73858904838562","3.73858904838562","3.73858904838562","3.3370723724365234","3.3370723724365234","3.3370723724365234","3.2731075286865234","3.2731075286865234","3.2731075286865234","3.271145820617676","3.271145820617676","3.271145820617676"
"3053453312","2911","2911","2911","4.9004106521606445","4.9004106521606445","4.9004106521606445","3.730351686477661","3.730351686477661","3.730351686477661","3.3306686878204346","3.3306686878204346","3.3306686878204346","3.267650842666626","3.267650842666626","3.267650842666626","3.2658791542053223","3.2658791542053223","3.2658791542053223"